Gene,Species,log_2 fold change,Adjusted p-value
ENSG00000181577,homo sapiens,-6.8,6.39563132296515E-214
ENSG00000128322,homo sapiens,-6,5.97992218278671E-32
ENSG00000177606,homo sapiens,5.8,0
ENSG00000148600,homo sapiens,-5.8,7.92654843449055E-166
ENSG00000164309,homo sapiens,5.6,1.62528847407945E-84
ENSG00000175567,homo sapiens,-5.5,0
ENSG00000226777,homo sapiens,-5.3,7.02574371263202E-18
ENSG00000184545,homo sapiens,5.1,1.50939593689414E-83
ENSG00000092067,homo sapiens,-5,4.13964262561625E-121
ENSG00000114480,homo sapiens,-4.6,1.04296775091807E-162
ENSG00000010610,homo sapiens,-4.5,1.64393069031221E-131
ENSG00000158477,homo sapiens,-4.4,3.44356857945286E-150
ENSG00000169994,homo sapiens,-4.4,2.3701655210558E-145
ENSG00000085465,homo sapiens,4.3,2.88188614042712E-114
ENSG00000056558,homo sapiens,-4.3,3.19039601908015E-90
ENSG00000134594,homo sapiens,-4.3,1.48487339526617E-66
ENSG00000087589,homo sapiens,4.3,7.19753543109123E-15
ENSG00000247095,homo sapiens,-4.3,8.05372330899975E-11
ENSG00000226806,homo sapiens,-4.2,3.11976047481024E-131
ENSG00000143847,homo sapiens,-4.2,1.88963998582148E-107
ENSG00000225855,homo sapiens,-4.1,1.26461181680841E-137
ENSG00000070985,homo sapiens,-4.1,9.7070149673807E-09
ENSG00000109107,homo sapiens,-4,0
ENSG00000205336,homo sapiens,-4,1.66757495151571E-155
ENSG00000237940,homo sapiens,-4,5.59529368876712E-15
ENSG00000228109,homo sapiens,-3.9,2.65911168184581E-102
ENSG00000180573,homo sapiens,3.9,4.65623957248081E-56
ENSG00000272789,homo sapiens,-3.9,1.87429350183772E-17
ENSG00000137959,homo sapiens,3.9,0.000226059308677246
ENSG00000137959,homo sapiens,3.9,0.00316361827381174
ENSG00000114268,homo sapiens,-3.8,7.57401271030855E-169
ENSG00000172005,homo sapiens,-3.8,2.12626212624751E-144
ENSG00000151012,homo sapiens,3.8,7.65868075942947E-60
ENSG00000278709,homo sapiens,-3.8,1.90965670670643E-37
ENSG00000083635,homo sapiens,3.7,2.42014137550687E-75
ENSG00000133574,homo sapiens,-3.7,1.41322388300116E-71
ENSG00000088881,homo sapiens,-3.7,2.57744926011689E-37
ENSG00000254815,homo sapiens,-3.7,4.75515754770447E-18
ENSG00000171848,homo sapiens,3.7,0.00186701818462884
ENSG00000073849,homo sapiens,-3.6,2.11113272578989E-248
ENSG00000259291,homo sapiens,-3.6,4.0367457624644E-110
ENSG00000136603,homo sapiens,3.6,1.31532991459793E-107
ENSG00000197444,homo sapiens,-3.6,1.3595129454727E-87
ENSG00000135452,homo sapiens,3.6,1.91889027964328E-82
ENSG00000165949,homo sapiens,3.6,0.0136849053025995
ENSG00000120915,homo sapiens,-3.5,0
ENSG00000172794,homo sapiens,-3.5,1.73029519449073E-259
ENSG00000107447,homo sapiens,-3.5,1.32427034883688E-135
ENSG00000255198,homo sapiens,3.5,1.13171433890249E-40
ENSG00000253320,homo sapiens,-3.5,3.4214550558713E-11
ENSG00000131931,homo sapiens,3.4,7.0179708210293E-227
ENSG00000100027,homo sapiens,-3.4,3.70080456199901E-220
ENSG00000136286,homo sapiens,-3.4,9.48420479708851E-188
ENSG00000258441,homo sapiens,3.4,4.31231648410405E-160
ENSG00000162490,homo sapiens,-3.4,6.98934659131584E-137
ENSG00000064886,homo sapiens,-3.4,1.773950739948E-95
ENSG00000183346,homo sapiens,-3.4,4.78771511272734E-69
ENSG00000072135,homo sapiens,-3.4,1.18273502999471E-47
ENSG00000182796,homo sapiens,-3.4,2.08030926242117E-47
ENSG00000179934,homo sapiens,-3.4,6.47924814875047E-07
ENSG00000137959,homo sapiens,3.4,0.000349652939816878
ENSG00000165949,homo sapiens,3.4,0.0081234193102922
ENSG00000168961,homo sapiens,-3.3,4.65822203926603E-269
ENSG00000080823,homo sapiens,3.3,1.60767602910649E-96
ENSG00000278023,homo sapiens,-3.3,9.63992966475053E-77
ENSG00000197019,homo sapiens,3.3,2.17195414304601E-67
ENSG00000198712,homo sapiens,-3.3,1.26510809144121E-59
ENSG00000146122,homo sapiens,-3.3,2.53531405732833E-23
ENSG00000255587,homo sapiens,-3.3,3.14258888050288E-14
ENSG00000277149,homo sapiens,3.3,1.3823993778831E-11
ENSG00000214193,homo sapiens,-3.3,7.94151453593017E-09
ENSG00000136114,homo sapiens,3.3,6.36698809378163E-07
ENSG00000235688,homo sapiens,-3.3,0.00000107250068928666
ENSG00000151892,homo sapiens,-3.2,0
ENSG00000166478,homo sapiens,3.2,4.49577929624107E-204
ENSG00000136891,homo sapiens,3.2,1.18287811244696E-197
ENSG00000126368,homo sapiens,3.2,1.0022837272345E-171
ENSG00000112972,homo sapiens,-3.2,4.39856195066433E-119
ENSG00000237424,homo sapiens,-3.2,2.86433983973397E-87
ENSG00000151136,homo sapiens,-3.2,6.99428282524616E-86
ENSG00000273117,homo sapiens,-3.2,6.01940710356075E-72
ENSG00000167123,homo sapiens,-3.2,1.12657809538842E-69
ENSG00000115844,homo sapiens,3.2,1.63406446325453E-64
ENSG00000253251,homo sapiens,3.2,1.68091298274597E-62
ENSG00000163378,homo sapiens,3.2,8.47179330824934E-58
ENSG00000163975,homo sapiens,-3.2,8.60208561768685E-58
ENSG00000104856,homo sapiens,3.2,3.2431464780894E-54
ENSG00000237499,homo sapiens,-3.2,1.34560711084252E-51
ENSG00000160285,homo sapiens,-3.2,3.77091128174091E-30
ENSG00000131471,homo sapiens,3.2,1.46398832811314E-12
ENSG00000143578,homo sapiens,-3.2,3.92030078960758E-10
ENSG00000257167,homo sapiens,-3.2,1.1601975407854E-08
ENSG00000176890,homo sapiens,3.2,0.00184985312805525
ENSG00000165949,homo sapiens,3.2,0.00646937029033071
ENSG00000160298,homo sapiens,-3.1,0
ENSG00000100908,homo sapiens,3.1,4.06441110685691E-222
ENSG00000100968,homo sapiens,-3.1,9.02773169582124E-179
ENSG00000266714,homo sapiens,-3.1,2.70225961156493E-147
ENSG00000187210,homo sapiens,-3.1,2.51159517703452E-112
ENSG00000128918,homo sapiens,-3.1,1.36055137408775E-100
ENSG00000215246,homo sapiens,-3.1,9.80482318913688E-77
ENSG00000171435,homo sapiens,-3.1,6.88106310046397E-68
ENSG00000214279,homo sapiens,-3.1,6.02935519320622E-34
ENSG00000235823,homo sapiens,-3.1,1.65883658553834E-31
ENSG00000054793,homo sapiens,-3.1,8.48962612567183E-28
ENSG00000089486,homo sapiens,3.1,9.59536944239245E-21
ENSG00000167799,homo sapiens,-3.1,1.00166435119945E-18
ENSG00000166803,homo sapiens,3.1,0.00072786376458739
ENSG00000124615,homo sapiens,-3,0
ENSG00000198771,homo sapiens,-3,0
ENSG00000117016,homo sapiens,-3,7.85894637742288E-270
ENSG00000164463,homo sapiens,3,1.0162854860893E-131
ENSG00000143494,homo sapiens,-3,1.1092069945393E-110
ENSG00000160752,homo sapiens,-3,1.11167339956197E-109
ENSG00000205309,homo sapiens,-3,7.05397304060801E-87
ENSG00000141295,homo sapiens,-3,8.03322532759686E-76
ENSG00000187837,homo sapiens,3,9.56197963374423E-33
ENSG00000119514,homo sapiens,-3,3.42518252043601E-31
ENSG00000117266,homo sapiens,-3,7.48240922003533E-28
ENSG00000248008,homo sapiens,3,9.44837550750168E-25
ENSG00000198804,homo sapiens,-3,6.88763675474915E-11
ENSG00000146054,homo sapiens,-3,1.75807829452007E-07
ENSG00000284543,homo sapiens,-2.9,5.58371290053474E-195
ENSG00000068028,homo sapiens,2.9,4.4687151214904E-190
ENSG00000272168,homo sapiens,-2.9,1.040674312517E-148
ENSG00000137642,homo sapiens,-2.9,1.80177283555862E-127
ENSG00000134824,homo sapiens,-2.9,4.36886782599428E-89
ENSG00000225648,homo sapiens,2.9,3.02034438957958E-67
ENSG00000235194,homo sapiens,-2.9,1.67739896364098E-66
ENSG00000175643,homo sapiens,-2.9,3.39130067005304E-57
ENSG00000100629,homo sapiens,-2.9,3.33768832050123E-45
ENSG00000141526,homo sapiens,-2.9,1.02737641373462E-34
ENSG00000102245,homo sapiens,-2.9,1.83252730760925E-30
ENSG00000124334,homo sapiens,-2.9,3.36741993595323E-30
ENSG00000172602,homo sapiens,2.9,5.63670080419558E-21
ENSG00000157657,homo sapiens,-2.9,4.26168649242389E-13
ENSG00000176383,homo sapiens,2.9,0.00000124964041336572
ENSG00000008517,homo sapiens,-2.8,9.70587185042964E-288
ENSG00000198026,homo sapiens,2.8,1.63490554045046E-197
ENSG00000181026,homo sapiens,2.8,1.44875429621029E-194
ENSG00000177721,homo sapiens,-2.8,4.96304131083808E-162
ENSG00000169288,homo sapiens,2.8,2.09117720006094E-124
ENSG00000105220,homo sapiens,-2.8,3.86889723853701E-87
ENSG00000095932,homo sapiens,-2.8,4.71184437032914E-81
ENSG00000100577,homo sapiens,-2.8,1.85867859207698E-44
ENSG00000170899,homo sapiens,-2.8,8.18431781505141E-21
ENSG00000213203,homo sapiens,-2.8,1.45249371323104E-19
ENSG00000155254,homo sapiens,-2.8,8.12748222582937E-18
ENSG00000112559,homo sapiens,-2.8,8.23201346499018E-17
ENSG00000152433,homo sapiens,2.8,9.47103406475017E-10
ENSG00000023839,homo sapiens,2.8,8.12535715702203E-09
ENSG00000164877,homo sapiens,-2.8,0.0000183731903423601
ENSG00000137965,homo sapiens,2.8,0.000226059308677246
ENSG00000137965,homo sapiens,2.8,0.0057419562639793
ENSG00000082512,homo sapiens,-2.7,8.19492061029191E-261
ENSG00000136295,homo sapiens,-2.7,2.49209715615715E-231
ENSG00000273749,homo sapiens,-2.7,1.69873884647928E-207
ENSG00000178927,homo sapiens,-2.7,5.17964111517227E-196
ENSG00000106245,homo sapiens,2.7,7.8197762485916E-193
ENSG00000162772,homo sapiens,2.7,5.98385667321939E-181
ENSG00000171763,homo sapiens,2.7,5.27575865577108E-179
ENSG00000186395,homo sapiens,2.7,1.34623562211551E-174
ENSG00000118007,homo sapiens,2.7,2.93605445152947E-171
ENSG00000104825,homo sapiens,2.7,2.21981649233478E-160
ENSG00000198840,homo sapiens,-2.7,2.39338664908352E-157
ENSG00000121390,homo sapiens,2.7,3.99699887453754E-144
ENSG00000154803,homo sapiens,2.7,3.99251968190786E-129
ENSG00000052749,homo sapiens,2.7,1.90810261485962E-116
ENSG00000013441,homo sapiens,2.7,3.15684947500008E-114
ENSG00000155366,homo sapiens,-2.7,6.80460360789922E-112
ENSG00000159674,homo sapiens,-2.7,7.47320595757436E-108
ENSG00000196123,homo sapiens,-2.7,3.05962557272559E-102
ENSG00000260997,homo sapiens,-2.7,1.85945425195032E-86
ENSG00000021762,homo sapiens,-2.7,3.07268839519278E-80
ENSG00000267121,homo sapiens,-2.7,2.5019762326724E-64
ENSG00000166402,homo sapiens,-2.7,1.09396838490152E-55
ENSG00000162572,homo sapiens,-2.7,9.65868343298108E-50
ENSG00000269220,homo sapiens,-2.7,1.35542253536189E-43
ENSG00000196338,homo sapiens,2.7,2.07262542107054E-37
ENSG00000184574,homo sapiens,-2.7,1.42310315984114E-36
ENSG00000131069,homo sapiens,-2.7,1.00767976644121E-24
ENSG00000198695,homo sapiens,-2.7,1.75899027090162E-20
ENSG00000167291,homo sapiens,-2.7,1.20221085066359E-18
ENSG00000169442,homo sapiens,-2.7,3.15806823998037E-18
ENSG00000196189,homo sapiens,-2.7,8.56126407802296E-14
ENSG00000162836,homo sapiens,-2.7,2.68507644166296E-13
ENSG00000274180,homo sapiens,-2.7,2.25681760341285E-12
ENSG00000170345,homo sapiens,2.7,5.40419557493133E-12
ENSG00000180747,homo sapiens,2.7,3.16990456846489E-10
ENSG00000204410,homo sapiens,-2.7,2.97127796585634E-09
ENSG00000157873,homo sapiens,-2.7,3.93287207701536E-09
ENSG00000173110,homo sapiens,2.7,7.13359445228278E-09
ENSG00000136848,homo sapiens,-2.7,1.12954168859079E-08
ENSG00000226549,homo sapiens,-2.7,7.03612211714486E-08
ENSG00000234911,homo sapiens,-2.7,1.1202220101327E-07
ENSG00000137804,homo sapiens,2.7,0.00559359833293642
ENSG00000092036,homo sapiens,-2.6,7.01785047270651E-174
ENSG00000110768,homo sapiens,2.6,2.97970879789538E-167
ENSG00000080298,homo sapiens,2.6,3.29947685237305E-142
ENSG00000083535,homo sapiens,2.6,5.03328806775543E-142
ENSG00000204673,homo sapiens,2.6,1.37335467958859E-140
ENSG00000005339,homo sapiens,2.6,9.19676069533363E-119
ENSG00000107331,homo sapiens,-2.6,2.23821008904466E-102
ENSG00000114779,homo sapiens,-2.6,3.74694467482166E-86
ENSG00000167984,homo sapiens,-2.6,3.99657375579123E-80
ENSG00000178802,homo sapiens,-2.6,2.93058895757561E-77
ENSG00000115137,homo sapiens,2.6,9.45956443372286E-73
ENSG00000162851,homo sapiens,2.6,2.11998671266257E-71
ENSG00000196968,homo sapiens,-2.6,2.87389455309076E-71
ENSG00000134326,homo sapiens,-2.6,2.92850376032337E-71
ENSG00000187240,homo sapiens,2.6,2.83540463188734E-62
ENSG00000158488,homo sapiens,-2.6,3.12616588873305E-43
ENSG00000158485,homo sapiens,-2.6,7.00763574604333E-40
ENSG00000099194,homo sapiens,-2.6,1.60555933127023E-38
ENSG00000186162,homo sapiens,2.6,9.41641666662815E-37
ENSG00000106683,homo sapiens,-2.6,8.50098848439402E-33
ENSG00000099860,homo sapiens,2.6,4.47306296558218E-32
ENSG00000233913,homo sapiens,-2.6,3.83254572812077E-30
ENSG00000154134,homo sapiens,-2.6,1.62709560756379E-14
ENSG00000176887,homo sapiens,-2.6,3.37395909519626E-14
ENSG00000169105,homo sapiens,-2.6,3.64450412267271E-14
ENSG00000273270,homo sapiens,-2.6,2.17402973284923E-11
ENSG00000162341,homo sapiens,-2.6,1.63244377242295E-10
ENSG00000108641,homo sapiens,-2.6,4.8792780377279E-10
ENSG00000163322,homo sapiens,-2.6,6.26064147949248E-10
ENSG00000186998,homo sapiens,-2.6,1.00736540322415E-07
ENSG00000130783,homo sapiens,2.6,0.00000331618999446597
ENSG00000088882,homo sapiens,-2.6,0.00000862021767738317
ENSG00000229140,homo sapiens,-2.6,0.0000106561207354392
ENSG00000136279,homo sapiens,-2.5,9.21086978183329E-195
ENSG00000120694,homo sapiens,2.5,4.47003764578426E-160
ENSG00000141959,homo sapiens,-2.5,2.50515621510956E-145
ENSG00000140830,homo sapiens,2.5,1.1431948954808E-140
ENSG00000142102,homo sapiens,-2.5,1.09641460240847E-99
ENSG00000115380,homo sapiens,-2.5,2.63204175808785E-85
ENSG00000159399,homo sapiens,-2.5,5.5616658456476E-75
ENSG00000115946,homo sapiens,2.5,2.03234974703119E-67
ENSG00000189180,homo sapiens,-2.5,1.00966575305079E-64
ENSG00000112667,homo sapiens,-2.5,9.75799148387903E-61
ENSG00000186480,homo sapiens,-2.5,4.61709425763421E-57
ENSG00000143507,homo sapiens,2.5,4.34129960493244E-55
ENSG00000198743,homo sapiens,-2.5,2.04165389377297E-52
ENSG00000237036,homo sapiens,-2.5,3.31759148504346E-51
ENSG00000169100,homo sapiens,-2.5,1.16645596865263E-46
ENSG00000179144,homo sapiens,-2.5,2.47659421295238E-34
ENSG00000213420,homo sapiens,-2.5,2.09788079364568E-28
ENSG00000169660,homo sapiens,-2.5,1.99280230115459E-18
ENSG00000246859,homo sapiens,-2.5,1.44990126148218E-16
ENSG00000108479,homo sapiens,-2.5,3.00147236309684E-16
ENSG00000140199,homo sapiens,-2.5,3.87878223952465E-15
ENSG00000149476,homo sapiens,-2.5,2.73098364620317E-14
ENSG00000213185,homo sapiens,2.5,1.52633716715018E-13
ENSG00000123453,homo sapiens,-2.5,8.49237413186444E-13
ENSG00000188404,homo sapiens,-2.5,4.50254565345149E-12
ENSG00000260386,homo sapiens,-2.5,2.09860287153628E-10
ENSG00000102547,homo sapiens,2.5,1.11492405129897E-09
ENSG00000160588,homo sapiens,2.5,1.84370657183899E-09
ENSG00000214199,homo sapiens,-2.5,1.9218618759879E-08
ENSG00000196372,homo sapiens,-2.5,2.27672394447576E-08
ENSG00000162241,homo sapiens,-2.5,0.00000380917207879197
ENSG00000154783,homo sapiens,-2.5,0.0000327698885418418
ENSG00000160781,homo sapiens,-2.5,0.000546759113861084
ENSG00000115705,homo sapiens,-2.5,0.000670626793041287
ENSG00000164362,homo sapiens,-2.5,0.000677761274443455
ENSG00000101665,homo sapiens,-2.5,0.00293269499315129
ENSG00000092964,homo sapiens,-2.4,5.74732425131891E-224
ENSG00000165409,homo sapiens,-2.4,2.57126553043609E-193
ENSG00000165006,homo sapiens,2.4,5.79913517123764E-173
ENSG00000274752,homo sapiens,-2.4,1.75145846779016E-172
ENSG00000232573,homo sapiens,-2.4,1.02349896098386E-166
ENSG00000170836,homo sapiens,2.4,4.31449083673993E-153
ENSG00000213762,homo sapiens,2.4,7.98944782966859E-142
ENSG00000148840,homo sapiens,2.4,2.15437689235358E-139
ENSG00000126524,homo sapiens,2.4,1.60695585037196E-126
ENSG00000100601,homo sapiens,2.4,2.31786268864163E-114
ENSG00000221914,homo sapiens,2.4,4.49283457270842E-101
ENSG00000232956,homo sapiens,2.4,1.47027211641657E-99
ENSG00000171453,homo sapiens,2.4,5.81817001740686E-95
ENSG00000104419,homo sapiens,-2.4,4.57655853808479E-93
ENSG00000158473,homo sapiens,-2.4,2.45227333413683E-91
ENSG00000112081,homo sapiens,2.4,4.07115115415678E-88
ENSG00000225093,homo sapiens,-2.4,4.18035659516625E-86
ENSG00000137760,homo sapiens,2.4,1.60336143278981E-82
ENSG00000182240,homo sapiens,-2.4,2.16355587277749E-78
ENSG00000171298,homo sapiens,-2.4,1.06693575918197E-71
ENSG00000197498,homo sapiens,2.4,2.77893117362447E-70
ENSG00000134986,homo sapiens,-2.4,9.9102690322248E-67
ENSG00000137502,homo sapiens,2.4,9.01227384479197E-65
ENSG00000211751,homo sapiens,-2.4,3.65597106002008E-51
ENSG00000164548,homo sapiens,2.4,3.59475201428009E-38
ENSG00000104998,homo sapiens,2.4,1.40448802405964E-32
ENSG00000106789,homo sapiens,-2.4,6.28853564719366E-31
ENSG00000162894,homo sapiens,-2.4,1.48544240432449E-28
ENSG00000048162,homo sapiens,2.4,9.94155506196671E-26
ENSG00000145882,homo sapiens,-2.4,9.80621863095695E-23
ENSG00000129680,homo sapiens,-2.4,2.80199576885626E-22
ENSG00000126016,homo sapiens,-2.4,1.00141365977082E-21
ENSG00000174500,homo sapiens,-2.4,1.20008268039882E-19
ENSG00000141401,homo sapiens,-2.4,9.13094116692283E-19
ENSG00000088367,homo sapiens,-2.4,9.64304188547112E-18
ENSG00000163520,homo sapiens,-2.4,1.39291957089149E-17
ENSG00000177409,homo sapiens,-2.4,1.50694420135261E-16
ENSG00000223745,homo sapiens,-2.4,1.5271783483603E-14
ENSG00000168676,homo sapiens,-2.4,7.04514863205946E-13
ENSG00000219200,homo sapiens,2.4,1.86296655483166E-07
ENSG00000128040,homo sapiens,-2.4,0.00000243508491650669
ENSG00000136026,homo sapiens,-2.4,0.0000109541079381611
ENSG00000268278,homo sapiens,-2.4,0.000189690660744375
ENSG00000221886,homo sapiens,-2.4,0.000320919079682969
ENSG00000261971,homo sapiens,-2.4,0.000709811951065308
ENSG00000172638,homo sapiens,-2.4,0.00141210307463825
ENSG00000122952,homo sapiens,2.4,0.00328673896994733
ENSG00000130844,homo sapiens,-2.4,0.00675563474759951
ENSG00000137959,homo sapiens,2.4,0.00892696225705056
ENSG00000143476,homo sapiens,2.4,0.00892696225705056
ENSG00000143546,homo sapiens,-2.4,0.0137122261777295
ENSG00000164062,homo sapiens,-2.3,1.83313069588908E-154
ENSG00000120800,homo sapiens,2.3,3.6663446973105E-154
ENSG00000165494,homo sapiens,2.3,1.43356333477982E-149
ENSG00000109084,homo sapiens,-2.3,5.03939563676456E-148
ENSG00000135655,homo sapiens,2.3,1.31772624201615E-139
ENSG00000184661,homo sapiens,2.3,2.19749207660236E-138
ENSG00000105821,homo sapiens,2.3,5.23070704009088E-138
ENSG00000102786,homo sapiens,2.3,9.97666293486381E-136
ENSG00000067057,homo sapiens,-2.3,1.10407158854461E-134
ENSG00000066422,homo sapiens,2.3,1.96298301873507E-127
ENSG00000171202,homo sapiens,2.3,6.2131504868136E-122
ENSG00000122435,homo sapiens,2.3,2.71497878986146E-120
ENSG00000137814,homo sapiens,2.3,3.17170369902977E-118
ENSG00000136732,homo sapiens,-2.3,2.91445741431882E-117
ENSG00000147050,homo sapiens,2.3,5.27388466837772E-114
ENSG00000162231,homo sapiens,2.3,1.30649409922131E-113
ENSG00000186501,homo sapiens,2.3,5.45219866773833E-113
ENSG00000213079,homo sapiens,2.3,2.32127388431493E-108
ENSG00000197050,homo sapiens,2.3,1.28264685687584E-103
ENSG00000088986,homo sapiens,2.3,1.84044011555301E-101
ENSG00000119328,homo sapiens,2.3,3.83296334048315E-96
ENSG00000106560,homo sapiens,-2.3,1.79196898142788E-86
ENSG00000168936,homo sapiens,-2.3,8.50141660531499E-81
ENSG00000004468,homo sapiens,-2.3,6.82425411463519E-79
ENSG00000170275,homo sapiens,-2.3,2.71352448654704E-74
ENSG00000132635,homo sapiens,-2.3,2.44136644869441E-69
ENSG00000178057,homo sapiens,-2.3,7.69330055779534E-65
ENSG00000087087,homo sapiens,2.3,4.02000652261616E-63
ENSG00000143498,homo sapiens,2.3,1.0218103830739E-50
ENSG00000234648,homo sapiens,-2.3,1.53183174890623E-47
ENSG00000148798,homo sapiens,2.3,5.13191993693937E-46
ENSG00000010318,homo sapiens,-2.3,9.60104750413222E-46
ENSG00000103507,homo sapiens,-2.3,7.32385663082173E-44
ENSG00000182054,homo sapiens,-2.3,7.59589702065473E-44
ENSG00000140853,homo sapiens,-2.3,1.43011344124972E-42
ENSG00000137834,homo sapiens,-2.3,7.87597620763292E-41
ENSG00000136527,homo sapiens,2.3,5.30974641553441E-38
ENSG00000158481,homo sapiens,-2.3,5.48468663758443E-37
ENSG00000197119,homo sapiens,-2.3,1.60126845909967E-33
ENSG00000170915,homo sapiens,-2.3,1.0840752441846E-30
ENSG00000130303,homo sapiens,-2.3,2.51707392113272E-29
ENSG00000172725,homo sapiens,-2.3,2.13731672984778E-28
ENSG00000183666,homo sapiens,2.3,1.9524370414251E-26
ENSG00000160703,homo sapiens,-2.3,1.05811687503002E-15
ENSG00000099864,homo sapiens,-2.3,3.90157767156505E-15
ENSG00000108515,homo sapiens,-2.3,3.10785565359357E-13
ENSG00000185189,homo sapiens,-2.3,2.64851520269846E-12
ENSG00000178425,homo sapiens,-2.3,4.64338379316329E-12
ENSG00000007255,homo sapiens,-2.3,1.56524073425983E-11
ENSG00000196810,homo sapiens,-2.3,7.50126306575935E-11
ENSG00000181218,homo sapiens,2.3,5.05963195160105E-10
ENSG00000248323,homo sapiens,-2.3,9.18057774917233E-10
ENSG00000151224,homo sapiens,-2.3,2.39631166926556E-09
ENSG00000196358,homo sapiens,-2.3,6.94796261682038E-09
ENSG00000282420,homo sapiens,-2.3,4.19963776630659E-08
ENSG00000131480,homo sapiens,2.3,0.00000263606466180538
ENSG00000180921,homo sapiens,-2.3,0.0000776665092754769
ENSG00000119227,homo sapiens,-2.3,0.000785242990984304
ENSG00000187608,homo sapiens,2.3,0.00122898560719558
ENSG00000124766,homo sapiens,-2.3,0.0145089379091558
ENSG00000066294,homo sapiens,-2.2,7.02928054010716E-191
ENSG00000165025,homo sapiens,-2.2,4.6481067532417E-181
ENSG00000147403,homo sapiens,-2.2,3.2039823521629E-150
ENSG00000104064,homo sapiens,2.2,5.76801770185315E-149
ENSG00000141076,homo sapiens,2.2,2.73951049591569E-146
ENSG00000005448,homo sapiens,-2.2,4.33378296337213E-144
ENSG00000165732,homo sapiens,2.2,1.6976393590231E-142
ENSG00000120616,homo sapiens,2.2,1.86287402142454E-142
ENSG00000123136,homo sapiens,2.2,4.91437310401701E-139
ENSG00000128908,homo sapiens,2.2,9.12972952940612E-138
ENSG00000084073,homo sapiens,2.2,2.11588355801551E-133
ENSG00000156232,homo sapiens,2.2,1.8961980678917E-132
ENSG00000124688,homo sapiens,2.2,7.97729339370277E-127
ENSG00000043514,homo sapiens,2.2,2.5608957605168E-121
ENSG00000154358,homo sapiens,-2.2,1.3537709817937E-120
ENSG00000139734,homo sapiens,2.2,3.27579082812718E-117
ENSG00000140471,homo sapiens,2.2,5.29144821547165E-110
ENSG00000110721,homo sapiens,2.2,5.58431494244395E-110
ENSG00000089818,homo sapiens,2.2,1.95094993931483E-107
ENSG00000109270,homo sapiens,2.2,4.1248048488718E-102
ENSG00000109220,homo sapiens,2.2,1.27684304886181E-98
ENSG00000083814,homo sapiens,2.2,2.5588140975847E-98
ENSG00000156697,homo sapiens,2.2,2.26539165647663E-94
ENSG00000132950,homo sapiens,2.2,4.29023257104572E-91
ENSG00000117410,homo sapiens,2.2,4.59140038494136E-86
ENSG00000078081,homo sapiens,-2.2,6.2532694311253E-84
ENSG00000248527,homo sapiens,-2.2,2.71079519011562E-82
ENSG00000239830,homo sapiens,-2.2,1.06558688199426E-81
ENSG00000125844,homo sapiens,-2.2,5.26838246129615E-78
ENSG00000213445,homo sapiens,-2.2,7.6334727971156E-76
ENSG00000136213,homo sapiens,-2.2,1.1004986451277E-75
ENSG00000172053,homo sapiens,-2.2,1.35456606009531E-72
ENSG00000101247,homo sapiens,2.2,2.92133749187548E-68
ENSG00000148737,homo sapiens,2.2,1.42466379223657E-65
ENSG00000034053,homo sapiens,-2.2,3.8946937832633E-63
ENSG00000122378,homo sapiens,-2.2,1.21454535250938E-58
ENSG00000111845,homo sapiens,2.2,4.81764543175183E-58
ENSG00000183340,homo sapiens,-2.2,4.78081006005704E-50
ENSG00000185504,homo sapiens,-2.2,4.65456888470967E-49
ENSG00000162639,homo sapiens,-2.2,1.04196429425284E-48
ENSG00000247627,homo sapiens,-2.2,5.18837754149735E-48
ENSG00000172339,homo sapiens,2.2,3.31564288474965E-46
ENSG00000151304,homo sapiens,2.2,3.35855033630778E-44
ENSG00000035403,homo sapiens,-2.2,2.76950750319653E-43
ENSG00000188157,homo sapiens,-2.2,1.57803749403476E-40
ENSG00000116560,homo sapiens,2.2,1.10052965752858E-39
ENSG00000083817,homo sapiens,2.2,3.33907654581335E-38
ENSG00000146416,homo sapiens,-2.2,4.34943521931528E-37
ENSG00000167900,homo sapiens,-2.2,2.04035815261715E-34
ENSG00000107438,homo sapiens,-2.2,1.17804313723872E-28
ENSG00000285410,homo sapiens,-2.2,1.33575054172545E-26
ENSG00000130202,homo sapiens,2.2,1.51451324848741E-26
ENSG00000152256,homo sapiens,-2.2,1.31569727281835E-25
ENSG00000157259,homo sapiens,-2.2,2.36019297899798E-22
ENSG00000167508,homo sapiens,-2.2,1.09268167965713E-20
ENSG00000126005,homo sapiens,-2.2,6.02106222083394E-17
ENSG00000081791,homo sapiens,-2.2,1.53781312256946E-14
ENSG00000266074,homo sapiens,-2.2,3.43091511598532E-13
ENSG00000196693,homo sapiens,-2.2,6.18818641060106E-13
ENSG00000141965,homo sapiens,2.2,2.37274584441659E-11
ENSG00000133216,homo sapiens,-2.2,3.39136270607628E-11
ENSG00000204427,homo sapiens,2.2,4.91556372232381E-11
ENSG00000161835,homo sapiens,-2.2,6.04442724898005E-08
ENSG00000101439,homo sapiens,-2.2,1.97448558090606E-07
ENSG00000021300,homo sapiens,-2.2,4.49276022133136E-07
ENSG00000184678,homo sapiens,2.2,0.00000205233781313015
ENSG00000261326,homo sapiens,-2.2,0.0000142780615762173
ENSG00000144026,homo sapiens,-2.2,0.0000291652104450493
ENSG00000168528,homo sapiens,-2.2,0.0000844065752121842
ENSG00000272870,homo sapiens,-2.2,0.000312119287209685
ENSG00000160791,homo sapiens,2.2,0.00072786376458739
ENSG00000137965,homo sapiens,2.2,0.00204549858612553
ENSG00000124635,homo sapiens,2.2,0.00211316635219524
ENSG00000187608,homo sapiens,2.2,0.00344067065317444
ENSG00000182308,homo sapiens,2.2,0.00390684266509913
ENSG00000174669,homo sapiens,-2.2,0.00416711546975195
ENSG00000165949,homo sapiens,2.2,0.0102110163288998
ENSG00000124766,homo sapiens,-2.2,0.0192704516061328
ENSG00000168010,homo sapiens,-2.1,7.12427523919156E-187
ENSG00000160179,homo sapiens,-2.1,9.5588682523997E-179
ENSG00000140545,homo sapiens,-2.1,1.9200945095917E-162
ENSG00000105339,homo sapiens,-2.1,8.92726980488174E-160
ENSG00000160695,homo sapiens,2.1,1.08889585002602E-132
ENSG00000166851,homo sapiens,2.1,2.50450770895975E-122
ENSG00000163659,homo sapiens,2.1,1.96775148994772E-118
ENSG00000196756,homo sapiens,2.1,5.07436170849226E-118
ENSG00000113240,homo sapiens,2.1,6.51584792805586E-113
ENSG00000104980,homo sapiens,2.1,4.48273541995165E-110
ENSG00000111727,homo sapiens,2.1,1.40664538312377E-109
ENSG00000272888,homo sapiens,2.1,3.13389449099283E-105
ENSG00000170855,homo sapiens,2.1,1.317519781166E-100
ENSG00000122882,homo sapiens,2.1,2.41831748535429E-100
ENSG00000031003,homo sapiens,2.1,1.41816010745932E-98
ENSG00000114988,homo sapiens,2.1,1.66282859362786E-98
ENSG00000129932,homo sapiens,2.1,1.7210704495279E-97
ENSG00000172530,homo sapiens,2.1,2.19825798104761E-97
ENSG00000196911,homo sapiens,2.1,3.19499031330918E-97
ENSG00000157764,homo sapiens,2.1,1.80525506806468E-90
ENSG00000176715,homo sapiens,-2.1,8.45332690365619E-86
ENSG00000092929,homo sapiens,-2.1,2.82267464460214E-84
ENSG00000176095,homo sapiens,2.1,1.88477643881622E-79
ENSG00000117360,homo sapiens,2.1,7.73922729090238E-79
ENSG00000204256,homo sapiens,2.1,5.60335606768764E-78
ENSG00000055044,homo sapiens,2.1,5.62990787164529E-77
ENSG00000154127,homo sapiens,-2.1,4.82553861320481E-75
ENSG00000131023,homo sapiens,2.1,1.06086824262036E-74
ENSG00000117091,homo sapiens,-2.1,1.03878544746984E-72
ENSG00000116954,homo sapiens,2.1,2.98888611492049E-71
ENSG00000259623,homo sapiens,2.1,8.12403211647797E-71
ENSG00000059728,homo sapiens,2.1,1.94389976617367E-70
ENSG00000165698,homo sapiens,-2.1,2.64974631384194E-69
ENSG00000173812,homo sapiens,2.1,1.09629074798915E-67
ENSG00000197989,homo sapiens,2.1,2.89843178051297E-66
ENSG00000185813,homo sapiens,-2.1,1.21029411641466E-64
ENSG00000123268,homo sapiens,2.1,2.04309362767364E-62
ENSG00000130270,homo sapiens,-2.1,2.82147324041496E-62
ENSG00000148950,homo sapiens,2.1,4.27315470910296E-61
ENSG00000092140,homo sapiens,2.1,2.25320729447221E-59
ENSG00000178502,homo sapiens,2.1,5.69396609577538E-59
ENSG00000156508,homo sapiens,-2.1,6.10408535790394E-56
ENSG00000145014,homo sapiens,-2.1,7.90447487819504E-53
ENSG00000115282,homo sapiens,-2.1,7.0709865728705E-51
ENSG00000138326,homo sapiens,-2.1,2.42757427299278E-50
ENSG00000212907,homo sapiens,-2.1,6.887564208487E-50
ENSG00000089060,homo sapiens,-2.1,8.37680949898399E-49
ENSG00000145214,homo sapiens,-2.1,1.32538796952132E-46
ENSG00000198786,homo sapiens,-2.1,1.20431521669646E-45
ENSG00000163660,homo sapiens,2.1,1.42795817040144E-45
ENSG00000108510,homo sapiens,2.1,6.42527776809285E-44
ENSG00000176659,homo sapiens,-2.1,1.11483626274219E-43
ENSG00000067646,homo sapiens,2.1,3.58117602981382E-43
ENSG00000166436,homo sapiens,-2.1,1.47605489584944E-40
ENSG00000110104,homo sapiens,2.1,6.00127861877667E-40
ENSG00000079459,homo sapiens,-2.1,1.32278526196081E-36
ENSG00000265206,homo sapiens,-2.1,2.06009509538227E-34
ENSG00000099204,homo sapiens,-2.1,5.33871496532772E-34
ENSG00000059588,homo sapiens,-2.1,3.16958368632165E-26
ENSG00000134107,homo sapiens,-2.1,2.14503883182096E-25
ENSG00000158106,homo sapiens,-2.1,2.53189138279918E-25
ENSG00000161888,homo sapiens,-2.1,3.30713039701802E-23
ENSG00000114735,homo sapiens,-2.1,5.27504321689789E-22
ENSG00000227051,homo sapiens,-2.1,4.00682027009889E-21
ENSG00000228253,homo sapiens,-2.1,7.95294325534078E-21
ENSG00000244405,homo sapiens,-2.1,6.2607742894901E-17
ENSG00000145287,homo sapiens,-2.1,6.48914391834713E-16
ENSG00000134369,homo sapiens,-2.1,2.29191723187063E-15
ENSG00000281103,homo sapiens,-2.1,5.46995789207774E-15
ENSG00000136932,homo sapiens,2.1,9.50522516591262E-15
ENSG00000165121,homo sapiens,2.1,1.20546188913201E-14
ENSG00000254093,homo sapiens,2.1,1.94393137950208E-13
ENSG00000095321,homo sapiens,-2.1,1.14250234654897E-10
ENSG00000105514,homo sapiens,-2.1,3.38624023872371E-10
ENSG00000213290,homo sapiens,-2.1,3.41076482328884E-10
ENSG00000157404,homo sapiens,-2.1,1.0911124674962E-09
ENSG00000149260,homo sapiens,-2.1,2.01706212833615E-09
ENSG00000137486,homo sapiens,-2.1,0.00000105783851450673
ENSG00000106089,homo sapiens,2.1,0.00000450017479706048
ENSG00000267123,homo sapiens,-2.1,0.00000623976176381343
ENSG00000174080,homo sapiens,-2.1,0.0000622464702976146
ENSG00000141622,homo sapiens,-2.1,0.000064817488170891
ENSG00000118515,homo sapiens,2.1,0.000157580812726966
ENSG00000117226,homo sapiens,-2.1,0.000299052682903478
ENSG00000272734,homo sapiens,-2.1,0.00030870852414194
ENSG00000198938,homo sapiens,-2.1,0.000312407811247601
ENSG00000115738,homo sapiens,2.1,0.000365538314464318
ENSG00000099999,homo sapiens,-2.1,0.000716965708029642
ENSG00000108984,homo sapiens,-2.1,0.00108402048276239
ENSG00000196357,homo sapiens,2.1,0.00215287016636993
ENSG00000172901,homo sapiens,2.1,0.00297729492543661
ENSG00000126878,homo sapiens,-2.1,0.00356614272124599
ENSG00000117228,homo sapiens,2.1,0.00591524811113491
ENSG00000102760,homo sapiens,-2.1,0.0241602912245803
ENSG00000109272,homo sapiens,-2.1,0.027989725277195
ENSG00000114023,homo sapiens,-2,3.82098206921317E-169
ENSG00000181896,homo sapiens,-2,4.09957254809702E-142
ENSG00000158623,homo sapiens,-2,3.3452842470397E-126
ENSG00000041802,homo sapiens,2,6.63039434078909E-125
ENSG00000103978,homo sapiens,2,1.68300098566033E-119
ENSG00000160584,homo sapiens,2,2.31059574968056E-115
ENSG00000169251,homo sapiens,2,2.33940581344916E-114
ENSG00000129353,homo sapiens,-2,2.11147731661185E-113
ENSG00000163374,homo sapiens,2,4.35768858809646E-110
ENSG00000071243,homo sapiens,2,5.09173422205392E-109
ENSG00000180376,homo sapiens,2,1.26066127478933E-108
ENSG00000143622,homo sapiens,2,1.14223039312279E-107
ENSG00000121621,homo sapiens,2,5.66615302834225E-107
ENSG00000095787,homo sapiens,2,7.20680034665189E-104
ENSG00000173575,homo sapiens,2,9.55801818825346E-103
ENSG00000168101,homo sapiens,2,1.36935996875754E-102
ENSG00000168887,homo sapiens,-2,6.27177966966506E-101
ENSG00000111011,homo sapiens,2,1.05711038661213E-97
ENSG00000172115,homo sapiens,2,1.32844863978108E-96
ENSG00000152443,homo sapiens,2,3.1385544490559E-94
ENSG00000143756,homo sapiens,2,5.81839097234641E-94
ENSG00000015153,homo sapiens,2,3.57854492513902E-93
ENSG00000117569,homo sapiens,2,4.90593753735659E-93
ENSG00000067248,homo sapiens,2,1.32483897284919E-91
ENSG00000168275,homo sapiens,2,1.88406069394057E-89
ENSG00000135334,homo sapiens,2,7.25606564706057E-89
ENSG00000000457,homo sapiens,2,7.47575527858134E-88
ENSG00000133265,homo sapiens,2,2.48337024197715E-82
ENSG00000164542,homo sapiens,2,1.47275989963153E-79
ENSG00000116922,homo sapiens,2,2.93639235692616E-78
ENSG00000141994,homo sapiens,2,1.30783165270227E-76
ENSG00000234616,homo sapiens,-2,1.40019467921753E-73
ENSG00000103187,homo sapiens,-2,7.91900874355277E-72
ENSG00000136273,homo sapiens,2,1.55049450426685E-69
ENSG00000163519,homo sapiens,2,1.27049338255479E-68
ENSG00000115289,homo sapiens,2,2.89656096322733E-68
ENSG00000198393,homo sapiens,2,5.31633222336083E-66
ENSG00000115457,homo sapiens,-2,9.04388126652502E-64
ENSG00000174749,homo sapiens,2,2.4712169272448E-62
ENSG00000285967,homo sapiens,-2,2.91680297412348E-61
ENSG00000175463,homo sapiens,-2,4.25123413946889E-61
ENSG00000143315,homo sapiens,-2,1.69247705120513E-58
ENSG00000108679,homo sapiens,-2,2.97522829045611E-56
ENSG00000120129,homo sapiens,2,4.24295122704038E-53
ENSG00000141433,homo sapiens,-2,1.7757305354856E-52
ENSG00000166263,homo sapiens,2,3.98191466919952E-52
ENSG00000171703,homo sapiens,-2,5.70864405166656E-51
ENSG00000198746,homo sapiens,2,3.88699754090098E-49
ENSG00000095370,homo sapiens,-2,1.13493352176619E-48
ENSG00000178381,homo sapiens,2,4.21120715338802E-47
ENSG00000119661,homo sapiens,2,1.23980472377707E-46
ENSG00000133739,homo sapiens,-2,2.27802744537071E-45
ENSG00000130193,homo sapiens,-2,3.96091424823127E-45
ENSG00000163472,homo sapiens,2,1.4480504050803E-44
ENSG00000184939,homo sapiens,-2,7.12289312313731E-44
ENSG00000132466,homo sapiens,2,9.39807042829143E-44
ENSG00000134317,homo sapiens,2,3.544858568708E-42
ENSG00000175324,homo sapiens,2,1.1921949951929E-41
ENSG00000163874,homo sapiens,2,5.41353504825318E-40
ENSG00000198899,homo sapiens,-2,1.57506302544235E-35
ENSG00000052802,homo sapiens,-2,1.70441002385412E-34
ENSG00000164938,homo sapiens,-2,6.53128732711099E-33
ENSG00000196557,homo sapiens,-2,1.20060256105298E-32
ENSG00000140521,homo sapiens,-2,6.63844317790463E-30
ENSG00000100299,homo sapiens,-2,2.04595871177459E-28
ENSG00000215845,homo sapiens,-2,4.45205124759471E-26
ENSG00000273344,homo sapiens,-2,6.76297211779019E-26
ENSG00000102144,homo sapiens,-2,1.98208552560094E-24
ENSG00000232176,homo sapiens,-2,4.79252521984429E-24
ENSG00000258501,homo sapiens,-2,9.77542395320966E-23
ENSG00000110011,homo sapiens,-2,2.23784329173762E-18
ENSG00000141349,homo sapiens,-2,2.53397811831684E-17
ENSG00000136059,homo sapiens,-2,2.76427136982883E-17
ENSG00000157617,homo sapiens,-2,1.30769072729262E-15
ENSG00000124574,homo sapiens,-2,2.25065337240537E-15
ENSG00000103544,homo sapiens,-2,4.37115748488223E-15
ENSG00000108771,homo sapiens,-2,7.57822759884131E-15
ENSG00000182162,homo sapiens,-2,4.00091440231824E-14
ENSG00000174177,homo sapiens,2,1.25775099426761E-13
ENSG00000198886,homo sapiens,-2,3.39818942261571E-13
ENSG00000113119,homo sapiens,-2,1.25559144407456E-12
ENSG00000279407,homo sapiens,-2,1.79132565515396E-12
ENSG00000175197,homo sapiens,2,4.34073740647468E-11
ENSG00000144182,homo sapiens,2,6.19571317660463E-11
ENSG00000105088,homo sapiens,-2,7.89941101909848E-11
ENSG00000197568,homo sapiens,2,1.48029651225493E-09
ENSG00000111641,homo sapiens,2,4.29933973546144E-07
ENSG00000112031,homo sapiens,2,5.27695361027267E-07
ENSG00000183248,homo sapiens,-2,0.00000115151743633521
ENSG00000166169,homo sapiens,-2,0.000019956920688557
ENSG00000071246,homo sapiens,-2,0.000053012592429934
ENSG00000227939,homo sapiens,-2,0.0000998956034813955
ENSG00000157601,homo sapiens,2,0.00100528675374927
ENSG00000180425,homo sapiens,-2,0.00122753317363336
ENSG00000070159,homo sapiens,-2,0.00170077733253275
ENSG00000101665,homo sapiens,-2,0.00189449800460076
ENSG00000078081,homo sapiens,2,0.00338746480392618
ENSG00000157601,homo sapiens,2,0.0057419562639793
ENSG00000179240,homo sapiens,-2,0.00621512504898349
ENSG00000158373,homo sapiens,2,0.00810132138550556
ENSG00000164821,homo sapiens,2,0.0081234193102922
ENSG00000276966,homo sapiens,2,0.0087469220984359
ENSG00000126787,homo sapiens,2,0.010266580764483
ENSG00000064886,homo sapiens,2,0.0141440561467995
ENSG00000117281,homo sapiens,2,0.0144869153921939
ENSG00000185950,homo sapiens,-2,0.0155948776685163
ENSG00000117228,homo sapiens,2,0.0231650096840741
ENSG00000186470,homo sapiens,-1.9,6.63433806130222E-157
ENSG00000111110,homo sapiens,-1.9,7.65424775755241E-154
ENSG00000149485,homo sapiens,-1.9,8.83275850493183E-138
ENSG00000178105,homo sapiens,1.9,8.91035067988913E-124
ENSG00000087074,homo sapiens,1.9,1.15926296089861E-123
ENSG00000283041,homo sapiens,-1.9,5.30875220091245E-122
ENSG00000182481,homo sapiens,1.9,1.080340973579E-111
ENSG00000142751,homo sapiens,1.9,1.92827641637862E-111
ENSG00000132326,homo sapiens,1.9,5.24628824446599E-110
ENSG00000128563,homo sapiens,1.9,5.35409076185686E-110
ENSG00000154640,homo sapiens,1.9,1.09062947585677E-107
ENSG00000205659,homo sapiens,1.9,1.96109707371391E-107
ENSG00000135924,homo sapiens,1.9,2.17888852179435E-107
ENSG00000134153,homo sapiens,1.9,7.33313551897564E-107
ENSG00000132359,homo sapiens,-1.9,1.05962123637585E-106
ENSG00000139131,homo sapiens,1.9,1.29986550486093E-101
ENSG00000148688,homo sapiens,1.9,4.33792596783573E-100
ENSG00000124228,homo sapiens,1.9,1.57442640905711E-99
ENSG00000134375,homo sapiens,1.9,4.30043972195535E-99
ENSG00000108559,homo sapiens,1.9,6.98605663510155E-99
ENSG00000100664,homo sapiens,1.9,3.46773380863459E-98
ENSG00000105447,homo sapiens,1.9,1.57451446866313E-96
ENSG00000089048,homo sapiens,1.9,8.93322600694874E-96
ENSG00000127804,homo sapiens,1.9,3.27280887442725E-94
ENSG00000120306,homo sapiens,1.9,6.58147499412854E-93
ENSG00000101624,homo sapiens,1.9,4.12845050674861E-90
ENSG00000241258,homo sapiens,1.9,5.3473749637651E-90
ENSG00000163931,homo sapiens,-1.9,3.68067138445593E-89
ENSG00000065665,homo sapiens,1.9,7.26180655768266E-89
ENSG00000124193,homo sapiens,1.9,9.76936003655399E-89
ENSG00000169220,homo sapiens,1.9,2.19545767201406E-88
ENSG00000163510,homo sapiens,1.9,8.53796010787323E-85
ENSG00000164253,homo sapiens,-1.9,1.20982582053169E-84
ENSG00000144840,homo sapiens,1.9,1.96295071094843E-84
ENSG00000081059,homo sapiens,-1.9,5.22697202025566E-83
ENSG00000141504,homo sapiens,1.9,3.44946488771572E-79
ENSG00000154813,homo sapiens,1.9,1.01391132420944E-77
ENSG00000168564,homo sapiens,1.9,1.03642190769071E-73
ENSG00000081721,homo sapiens,1.9,1.08725890650017E-73
ENSG00000032219,homo sapiens,1.9,1.12436850038643E-73
ENSG00000163312,homo sapiens,1.9,9.45956443372286E-73
ENSG00000172716,homo sapiens,-1.9,5.46723368297276E-69
ENSG00000133805,homo sapiens,-1.9,8.46310868078876E-69
ENSG00000228205,homo sapiens,-1.9,3.59021103227E-68
ENSG00000064313,homo sapiens,1.9,6.65914990205523E-68
ENSG00000240694,homo sapiens,-1.9,1.67970433825553E-67
ENSG00000182831,homo sapiens,1.9,1.04988309437103E-65
ENSG00000026950,homo sapiens,-1.9,9.18213564915261E-65
ENSG00000174775,homo sapiens,1.9,2.24555510005277E-64
ENSG00000183808,homo sapiens,-1.9,1.22715970522883E-63
ENSG00000159086,homo sapiens,1.9,1.56158632276738E-61
ENSG00000151692,homo sapiens,-1.9,2.11359037086744E-60
ENSG00000114446,homo sapiens,1.9,2.47949924502784E-56
ENSG00000061337,homo sapiens,-1.9,8.51065694293241E-56
ENSG00000198862,homo sapiens,1.9,3.55466741193821E-55
ENSG00000170430,homo sapiens,-1.9,4.21485721924962E-55
ENSG00000144711,homo sapiens,-1.9,1.2012428565037E-54
ENSG00000004961,homo sapiens,1.9,1.78072052951414E-54
ENSG00000175595,homo sapiens,1.9,2.67691021179934E-54
ENSG00000109534,homo sapiens,1.9,3.88756439216798E-54
ENSG00000160679,homo sapiens,1.9,6.99376221249908E-54
ENSG00000108106,homo sapiens,1.9,5.6307878841316E-53
ENSG00000006047,homo sapiens,-1.9,1.4352892857062E-52
ENSG00000115756,homo sapiens,-1.9,1.72624168205411E-52
ENSG00000185246,homo sapiens,1.9,1.11683120648451E-51
ENSG00000134186,homo sapiens,1.9,4.22992308969854E-50
ENSG00000131089,homo sapiens,-1.9,7.08581334225651E-49
ENSG00000123545,homo sapiens,1.9,5.10281543790303E-48
ENSG00000141378,homo sapiens,1.9,5.4477013444501E-47
ENSG00000114942,homo sapiens,-1.9,1.01464628962954E-46
ENSG00000174010,homo sapiens,1.9,9.66214097353088E-45
ENSG00000216775,homo sapiens,-1.9,1.89444851334755E-43
ENSG00000007372,homo sapiens,1.9,6.19514992225309E-42
ENSG00000255717,homo sapiens,1.9,1.11786053442967E-41
ENSG00000123384,homo sapiens,-1.9,5.82942377892031E-40
ENSG00000080189,homo sapiens,-1.9,1.30402607079964E-39
ENSG00000103876,homo sapiens,-1.9,7.0706471200375E-39
ENSG00000136830,homo sapiens,-1.9,6.15298823055095E-36
ENSG00000269609,homo sapiens,-1.9,7.09641883408494E-35
ENSG00000101084,homo sapiens,1.9,9.23087090626645E-34
ENSG00000135521,homo sapiens,1.9,1.38622201030701E-33
ENSG00000137103,homo sapiens,-1.9,1.00140675375836E-32
ENSG00000166548,homo sapiens,-1.9,9.75294020697795E-29
ENSG00000099910,homo sapiens,-1.9,9.83376089909903E-29
ENSG00000059769,homo sapiens,1.9,7.61546774551324E-28
ENSG00000135637,homo sapiens,1.9,6.9454875498368E-27
ENSG00000100316,homo sapiens,-1.9,1.80646033180919E-26
ENSG00000102879,homo sapiens,-1.9,5.33914203408923E-26
ENSG00000106868,homo sapiens,1.9,7.19133004902569E-26
ENSG00000111331,homo sapiens,-1.9,1.50295432994897E-25
ENSG00000198727,homo sapiens,-1.9,1.52472602952797E-25
ENSG00000198034,homo sapiens,-1.9,1.91501517081949E-24
ENSG00000131759,homo sapiens,1.9,3.25417394165814E-24
ENSG00000153815,homo sapiens,-1.9,6.0132669723035E-24
ENSG00000176171,homo sapiens,-1.9,1.20215642070312E-23
ENSG00000184117,homo sapiens,-1.9,4.77723250193003E-23
ENSG00000114626,homo sapiens,-1.9,5.42256826808998E-22
ENSG00000198420,homo sapiens,-1.9,6.77928170794591E-21
ENSG00000182718,homo sapiens,-1.9,3.81378796030947E-20
ENSG00000091490,homo sapiens,-1.9,2.9053067633038E-18
ENSG00000144120,homo sapiens,-1.9,1.54745440797188E-15
ENSG00000231684,homo sapiens,1.9,3.00129494448235E-15
ENSG00000224383,homo sapiens,1.9,2.60274420836324E-14
ENSG00000167981,homo sapiens,1.9,6.4544121351755E-14
ENSG00000139428,homo sapiens,-1.9,3.95123165669771E-12
ENSG00000185818,homo sapiens,-1.9,1.83196928629442E-11
ENSG00000105755,homo sapiens,-1.9,1.46536900794451E-10
ENSG00000165102,homo sapiens,-1.9,5.57479520088893E-10
ENSG00000100473,homo sapiens,-1.9,6.61262715820968E-10
ENSG00000228672,homo sapiens,-1.9,7.134582214015E-10
ENSG00000149809,homo sapiens,-1.9,1.85374880807932E-07
ENSG00000125967,homo sapiens,-1.9,2.58962734361917E-07
ENSG00000166016,homo sapiens,1.9,0.00000260583247511105
ENSG00000006282,homo sapiens,-1.9,0.00000658494670392852
ENSG00000156869,homo sapiens,1.9,0.0000122098762942164
ENSG00000225783,homo sapiens,-1.9,0.0000187324523131811
ENSG00000188921,homo sapiens,-1.9,0.0000211213845073247
ENSG00000167964,homo sapiens,-1.9,0.0000224576400481005
ENSG00000160447,homo sapiens,-1.9,0.0000696545095760358
ENSG00000215039,homo sapiens,-1.9,0.000387478425117797
ENSG00000064886,homo sapiens,1.9,0.000517443104136541
ENSG00000175097,homo sapiens,-1.9,0.000580526975254564
ENSG00000180758,homo sapiens,-1.9,0.000710291907659259
ENSG00000132781,homo sapiens,-1.9,0.00288529443576381
ENSG00000224578,homo sapiens,-1.9,0.0038104873149577
ENSG00000068078,homo sapiens,-1.9,0.004106485436489
ENSG00000137965,homo sapiens,1.9,0.00559359833293642
ENSG00000131747,homo sapiens,1.9,0.00559633768832517
ENSG00000106462,homo sapiens,1.9,0.00574727817672082
ENSG00000260267,homo sapiens,-1.9,0.00865718099860033
ENSG00000113600,homo sapiens,-1.9,0.00951017970825095
ENSG00000109321,homo sapiens,-1.9,0.010266580764483
ENSG00000138160,homo sapiens,1.9,0.0116906293486645
ENSG00000132965,homo sapiens,-1.9,0.0119192215182912
ENSG00000132530,homo sapiens,1.9,0.0136849053025995
ENSG00000181513,homo sapiens,-1.9,0.0141695830091707
ENSG00000204228,homo sapiens,-1.9,0.0172828207071894
ENSG00000168329,homo sapiens,1.9,0.0196704445037396
ENSG00000170571,homo sapiens,-1.8,1.44159831451858E-153
ENSG00000240376,homo sapiens,-1.8,2.1317860812752E-123
ENSG00000203668,homo sapiens,-1.8,2.06438557170351E-116
ENSG00000143294,homo sapiens,1.8,7.0704487446844E-116
ENSG00000172986,homo sapiens,-1.8,6.69428199931708E-114
ENSG00000135596,homo sapiens,-1.8,1.45526466682357E-110
ENSG00000227057,homo sapiens,1.8,1.09579398883333E-107
ENSG00000120899,homo sapiens,-1.8,1.29120198225631E-103
ENSG00000166105,homo sapiens,-1.8,2.78906050410034E-103
ENSG00000186625,homo sapiens,1.8,1.77567086535581E-101
ENSG00000085433,homo sapiens,1.8,1.78678770353733E-101
ENSG00000196405,homo sapiens,-1.8,2.17765248503597E-101
ENSG00000139112,homo sapiens,1.8,2.80977997934306E-100
ENSG00000196449,homo sapiens,1.8,1.10035165336115E-96
ENSG00000163811,homo sapiens,1.8,2.95364457067063E-96
ENSG00000120437,homo sapiens,-1.8,1.24935072160226E-95
ENSG00000102401,homo sapiens,1.8,2.11579035155408E-94
ENSG00000112659,homo sapiens,-1.8,3.34203463397332E-93
ENSG00000173145,homo sapiens,1.8,3.87910912194533E-93
ENSG00000093144,homo sapiens,1.8,7.16131381765587E-93
ENSG00000124784,homo sapiens,1.8,8.4807171792875E-93
ENSG00000083937,homo sapiens,1.8,1.65962570972472E-91
ENSG00000187522,homo sapiens,1.8,3.70011521836914E-89
ENSG00000165113,homo sapiens,1.8,1.81450833966028E-88
ENSG00000111266,homo sapiens,1.8,2.99949225356545E-88
ENSG00000113575,homo sapiens,1.8,1.22283364961624E-87
ENSG00000204386,homo sapiens,1.8,9.04018311875806E-87
ENSG00000186141,homo sapiens,1.8,1.52109202198347E-85
ENSG00000198356,homo sapiens,1.8,1.63882008407149E-85
ENSG00000175175,homo sapiens,1.8,4.08659736062075E-85
ENSG00000085274,homo sapiens,1.8,7.73747669624866E-84
ENSG00000163743,homo sapiens,1.8,2.09407998873052E-82
ENSG00000133773,homo sapiens,1.8,2.0128837322174E-80
ENSG00000088356,homo sapiens,1.8,2.05065819133808E-80
ENSG00000183864,homo sapiens,1.8,2.21426562759578E-79
ENSG00000111300,homo sapiens,1.8,4.07713660685297E-79
ENSG00000070018,homo sapiens,1.8,7.23274934575797E-79
ENSG00000100906,homo sapiens,1.8,3.8205712705415E-75
ENSG00000157181,homo sapiens,1.8,9.86402232401292E-75
ENSG00000197043,homo sapiens,-1.8,3.16188356958796E-73
ENSG00000196535,homo sapiens,-1.8,1.61661094356948E-71
ENSG00000110429,homo sapiens,1.8,3.0810785015265E-71
ENSG00000107262,homo sapiens,1.8,4.93295720989572E-71
ENSG00000132005,homo sapiens,1.8,8.52270268886701E-71
ENSG00000187051,homo sapiens,1.8,1.28437874231193E-69
ENSG00000104497,homo sapiens,1.8,2.73713361248914E-69
ENSG00000047621,homo sapiens,1.8,1.79844220538738E-68
ENSG00000148943,homo sapiens,1.8,2.29810750219319E-68
ENSG00000171223,homo sapiens,1.8,1.56265264741741E-67
ENSG00000185721,homo sapiens,1.8,5.60888462697881E-67
ENSG00000162775,homo sapiens,1.8,2.00337972120989E-65
ENSG00000213672,homo sapiens,-1.8,1.74612134901782E-60
ENSG00000137404,homo sapiens,-1.8,8.6520575938521E-60
ENSG00000167895,homo sapiens,-1.8,2.09033000336877E-59
ENSG00000095574,homo sapiens,1.8,2.46186008594875E-59
ENSG00000076864,homo sapiens,-1.8,1.93010286516544E-58
ENSG00000087586,homo sapiens,1.8,1.09518032349915E-57
ENSG00000132406,homo sapiens,1.8,1.10487021137541E-56
ENSG00000157637,homo sapiens,-1.8,5.02019037492168E-55
ENSG00000104320,homo sapiens,-1.8,1.17679051309625E-54
ENSG00000117597,homo sapiens,1.8,6.04250006001567E-53
ENSG00000131378,homo sapiens,-1.8,5.85548973135613E-52
ENSG00000164338,homo sapiens,1.8,1.08160661387944E-51
ENSG00000171608,homo sapiens,-1.8,1.90577051579027E-51
ENSG00000100106,homo sapiens,-1.8,2.63928538134478E-50
ENSG00000026025,homo sapiens,-1.8,4.18438928247704E-50
ENSG00000156860,homo sapiens,1.8,1.36660160676595E-49
ENSG00000157193,homo sapiens,-1.8,2.20111603688794E-49
ENSG00000138380,homo sapiens,-1.8,2.47907066128788E-49
ENSG00000056097,homo sapiens,1.8,1.29444261848819E-47
ENSG00000173898,homo sapiens,-1.8,1.80246493731261E-47
ENSG00000126561,homo sapiens,-1.8,1.23131908531068E-46
ENSG00000275052,homo sapiens,1.8,7.96835409765998E-46
ENSG00000126775,homo sapiens,1.8,3.65197774797913E-45
ENSG00000142541,homo sapiens,-1.8,4.89405393373262E-45
ENSG00000163376,homo sapiens,1.8,7.12081883910066E-43
ENSG00000083896,homo sapiens,1.8,9.61666612653135E-43
ENSG00000131473,homo sapiens,-1.8,2.8391415159125E-42
ENSG00000244398,homo sapiens,-1.8,2.0100927954408E-40
ENSG00000178035,homo sapiens,-1.8,5.63514623229678E-39
ENSG00000125247,homo sapiens,-1.8,3.89336154032254E-38
ENSG00000147536,homo sapiens,-1.8,7.77034021969233E-38
ENSG00000169136,homo sapiens,1.8,1.83097085757518E-37
ENSG00000236104,homo sapiens,-1.8,2.15739538696173E-37
ENSG00000170037,homo sapiens,1.8,8.66019417669508E-37
ENSG00000187122,homo sapiens,-1.8,2.5417439020433E-36
ENSG00000280385,homo sapiens,1.8,3.09539230763645E-36
ENSG00000185022,homo sapiens,1.8,1.86581236192192E-35
ENSG00000100393,homo sapiens,1.8,3.64538601738715E-35
ENSG00000185386,homo sapiens,-1.8,4.46991173982232E-35
ENSG00000178222,homo sapiens,-1.8,1.18287647489408E-34
ENSG00000115257,homo sapiens,-1.8,9.54154647050941E-34
ENSG00000089685,homo sapiens,1.8,3.23301172217508E-33
ENSG00000204348,homo sapiens,1.8,3.05601652575416E-31
ENSG00000108469,homo sapiens,-1.8,1.81377963246512E-28
ENSG00000170502,homo sapiens,1.8,2.89434814866258E-28
ENSG00000156471,homo sapiens,-1.8,6.8388404137266E-28
ENSG00000101082,homo sapiens,-1.8,1.06100000247846E-26
ENSG00000167107,homo sapiens,-1.8,5.09101585626074E-26
ENSG00000196839,homo sapiens,-1.8,1.89121321089188E-25
ENSG00000172893,homo sapiens,-1.8,3.13798301748852E-25
ENSG00000142556,homo sapiens,1.8,4.12695398898771E-25
ENSG00000141506,homo sapiens,-1.8,2.58601609641554E-22
ENSG00000100532,homo sapiens,1.8,7.21070363140205E-22
ENSG00000224126,homo sapiens,1.8,6.86523324088121E-19
ENSG00000137135,homo sapiens,-1.8,5.84935738874904E-18
ENSG00000151702,homo sapiens,-1.8,1.01406292161288E-17
ENSG00000124785,homo sapiens,-1.8,3.83214079655622E-17
ENSG00000137841,homo sapiens,-1.8,1.89901287238626E-16
ENSG00000169258,homo sapiens,-1.8,1.93221619462499E-16
ENSG00000110448,homo sapiens,-1.8,6.91056923480281E-16
ENSG00000240616,homo sapiens,-1.8,1.19486338022616E-15
ENSG00000153113,homo sapiens,-1.8,5.89920807465245E-15
ENSG00000160360,homo sapiens,-1.8,2.69064766615905E-13
ENSG00000241255,homo sapiens,-1.8,4.58752946223058E-13
ENSG00000074800,homo sapiens,-1.8,1.38403550199862E-12
ENSG00000214203,homo sapiens,-1.8,7.80171943807618E-11
ENSG00000187097,homo sapiens,-1.8,1.42705105279237E-10
ENSG00000133315,homo sapiens,-1.8,2.22639964169095E-10
ENSG00000113070,homo sapiens,1.8,4.90751949014579E-09
ENSG00000132522,homo sapiens,1.8,9.67317809955857E-09
ENSG00000111913,homo sapiens,-1.8,5.17621380320102E-08
ENSG00000172349,homo sapiens,-1.8,0.00000517508311054413
ENSG00000172183,homo sapiens,-1.8,0.0000216374276893898
ENSG00000188130,homo sapiens,-1.8,0.0000434709725230527
ENSG00000277654,homo sapiens,-1.8,0.000105502642209916
ENSG00000238105,homo sapiens,-1.8,0.00012415874135447
ENSG00000138646,homo sapiens,1.8,0.000226059308677246
ENSG00000273373,homo sapiens,-1.8,0.000583513328002346
ENSG00000136425,homo sapiens,-1.8,0.000703252622790306
ENSG00000128567,homo sapiens,-1.8,0.000968385808379003
ENSG00000177352,homo sapiens,-1.8,0.00129651309988208
ENSG00000184602,homo sapiens,-1.8,0.00316361827381174
ENSG00000165672,homo sapiens,1.8,0.00328673896994733
ENSG00000180530,homo sapiens,-1.8,0.00344067065317444
ENSG00000261360,homo sapiens,-1.8,0.00407479277808158
ENSG00000072110,homo sapiens,-1.8,0.0057419562639793
ENSG00000184635,homo sapiens,-1.8,0.00642435454695145
ENSG00000106484,homo sapiens,-1.8,0.00685759180524908
ENSG00000185745,homo sapiens,1.8,0.00742999864382181
ENSG00000134321,homo sapiens,1.8,0.00748148457189354
ENSG00000114805,homo sapiens,-1.8,0.00754257325127523
ENSG00000236144,homo sapiens,-1.8,0.00754565282865779
ENSG00000004468,homo sapiens,1.8,0.00782376327145434
ENSG00000100526,homo sapiens,1.8,0.00861872921311784
ENSG00000185022,homo sapiens,-1.8,0.00886031475696014
ENSG00000103253,homo sapiens,-1.8,0.0140612432537799
ENSG00000151725,homo sapiens,1.8,0.0177426621886788
ENSG00000160326,homo sapiens,-1.8,0.0180955528855395
ENSG00000204287,homo sapiens,1.8,0.0184437018955208
ENSG00000180530,homo sapiens,-1.8,0.0193374582595844
ENSG00000137959,homo sapiens,1.8,0.0194717735399309
ENSG00000162433,homo sapiens,-1.8,0.0223053242024653
ENSG00000134321,homo sapiens,1.8,0.0223124447077411
ENSG00000065534,homo sapiens,-1.8,0.0284279297016107
ENSG00000180902,homo sapiens,-1.8,0.0284524219212351
ENSG00000197561,homo sapiens,1.8,0.0379329790244101
ENSG00000261371,homo sapiens,-1.7,2.18586075173031E-124
ENSG00000100075,homo sapiens,-1.7,1.31659270878882E-123
ENSG00000189343,homo sapiens,-1.7,1.20152342828027E-114
ENSG00000156642,homo sapiens,1.7,6.58600833221955E-105
ENSG00000100351,homo sapiens,-1.7,8.12997794807676E-104
ENSG00000189060,homo sapiens,1.7,1.8681467492979E-102
ENSG00000166848,homo sapiens,1.7,8.25411371865733E-101
ENSG00000113312,homo sapiens,1.7,4.98910335775026E-97
ENSG00000089820,homo sapiens,-1.7,2.90195889224004E-95
ENSG00000158796,homo sapiens,1.7,6.7880946473492E-95
ENSG00000104805,homo sapiens,-1.7,8.42142722723073E-94
ENSG00000144597,homo sapiens,1.7,1.45281434792803E-93
ENSG00000244879,homo sapiens,-1.7,5.84397767696794E-93
ENSG00000110172,homo sapiens,1.7,1.88221158764013E-92
ENSG00000273559,homo sapiens,1.7,5.64456022282948E-92
ENSG00000117625,homo sapiens,1.7,1.35006732333535E-90
ENSG00000159082,homo sapiens,1.7,2.71927353903612E-90
ENSG00000137168,homo sapiens,1.7,9.10756472167579E-90
ENSG00000086061,homo sapiens,1.7,9.1805888084937E-90
ENSG00000130749,homo sapiens,1.7,1.0071303342982E-89
ENSG00000196437,homo sapiens,1.7,2.72630473022596E-88
ENSG00000172273,homo sapiens,1.7,6.0248535682631E-88
ENSG00000132842,homo sapiens,1.7,8.87454645514801E-87
ENSG00000144566,homo sapiens,1.7,1.27804299660392E-86
ENSG00000116514,homo sapiens,1.7,2.10757571260061E-86
ENSG00000056487,homo sapiens,1.7,2.51861079144012E-86
ENSG00000164163,homo sapiens,1.7,7.910708693154E-86
ENSG00000105705,homo sapiens,1.7,1.02005953800832E-85
ENSG00000153317,homo sapiens,1.7,2.01460538516373E-85
ENSG00000124164,homo sapiens,1.7,3.62312818401102E-84
ENSG00000156502,homo sapiens,1.7,4.47967075842288E-83
ENSG00000142528,homo sapiens,1.7,3.53254666331101E-82
ENSG00000148154,homo sapiens,1.7,1.63547451561852E-81
ENSG00000033030,homo sapiens,1.7,7.26341112685092E-78
ENSG00000105856,homo sapiens,1.7,1.12400403531357E-76
ENSG00000029363,homo sapiens,1.7,1.17649451023787E-76
ENSG00000160255,homo sapiens,-1.7,2.76013303041999E-76
ENSG00000136450,homo sapiens,1.7,6.91328044134698E-76
ENSG00000139620,homo sapiens,1.7,7.85224232802023E-76
ENSG00000114933,homo sapiens,1.7,5.54943786749832E-75
ENSG00000006194,homo sapiens,1.7,2.10233468847823E-74
ENSG00000033627,homo sapiens,1.7,3.15490492720087E-73
ENSG00000160796,homo sapiens,-1.7,5.62286941284419E-73
ENSG00000278053,homo sapiens,1.7,2.87405859830314E-72
ENSG00000137221,homo sapiens,1.7,5.99475077744005E-72
ENSG00000092020,homo sapiens,1.7,3.48778482704885E-71
ENSG00000089195,homo sapiens,1.7,8.79307737663613E-71
ENSG00000179832,homo sapiens,-1.7,9.52131732124052E-71
ENSG00000175606,homo sapiens,1.7,3.56355755856239E-70