#node1	node2	node1_string_id	node2_string_id	neighborhood_on_chromosome	gene_fusion	phylogenetic_cooccurrence	homology	coexpression	experimentally_determined_interaction	database_annotated	automated_textmining	combined_score
ABCC2	TYMS	9606.ENSP00000497274	9606.ENSP00000315644	0.054	0	0	0	0.108	0	0	0.385	0.436
ABHD16A	TMEM222	9606.ENSP00000379282	9606.ENSP00000483276	0	0	0	0	0.044	0.421	0	0	0.422
AEN	NOP58	9606.ENSP00000331944	9606.ENSP00000264279	0	0	0	0	0.211	0.269	0	0.102	0.437
AKT1S1	SGK1	9606.ENSP00000375711	9606.ENSP00000356832	0	0	0	0	0.083	0.314	0	0.666	0.772
AKT1S1	RRAGC	9606.ENSP00000375711	9606.ENSP00000362092	0	0	0	0	0.049	0.800	0.900	0.614	0.991
AKT1S1	LAMTOR3	9606.ENSP00000375711	9606.ENSP00000424183	0	0	0	0	0	0	0.500	0.255	0.611
ALKBH1	SRSF3	9606.ENSP00000216489	9606.ENSP00000362820	0	0	0	0	0.050	0	0	0.398	0.403
ALKBH1	TRIT1	9606.ENSP00000216489	9606.ENSP00000321810	0	0	0	0	0.186	0	0	0.318	0.421
ALKBH1	ZNF143	9606.ENSP00000216489	9606.ENSP00000379847	0	0	0	0	0.534	0	0	0	0.534
ALKBH1	ALKBH8	9606.ENSP00000216489	9606.ENSP00000397673	0	0	0	0	0.109	0	0	0.949	0.953
ALKBH8	ALKBH1	9606.ENSP00000397673	9606.ENSP00000216489	0	0	0	0	0.109	0	0	0.949	0.953
ALKBH8	TRIT1	9606.ENSP00000397673	9606.ENSP00000321810	0	0	0	0	0.246	0	0	0.469	0.582
AOC2	AOC3	9606.ENSP00000253799	9606.ENSP00000312326	0	0	0.056	0.969	0.149	0.367	0.900	0.069	0.944
AOC3	AOC2	9606.ENSP00000312326	9606.ENSP00000253799	0	0	0.056	0.969	0.149	0.367	0.900	0.069	0.944
AOC3	H2BC21	9606.ENSP00000312326	9606.ENSP00000358151	0	0	0	0	0	0	0	0.434	0.434
ATF1	JUN	9606.ENSP00000262053	9606.ENSP00000360266	0	0	0	0	0.042	0.214	0	0.307	0.432
ATF1	CREBRF	9606.ENSP00000262053	9606.ENSP00000296953	0	0	0	0	0.047	0.470	0	0	0.473
ATF1	FOS	9606.ENSP00000262053	9606.ENSP00000306245	0	0	0	0	0.064	0	0	0.600	0.610
ATF1	CREBBP	9606.ENSP00000262053	9606.ENSP00000262367	0	0	0	0	0.056	0.331	0	0.630	0.746
ATF3	GADD45B	9606.ENSP00000344352	9606.ENSP00000215631	0	0	0	0	0.445	0	0	0.697	0.824
ATF3	RELB	9606.ENSP00000344352	9606.ENSP00000221452	0	0	0	0	0.108	0.094	0	0.330	0.412
ATF3	CREBBP	9606.ENSP00000344352	9606.ENSP00000262367	0	0	0	0	0.053	0.294	0	0.560	0.681
ATF3	FOS	9606.ENSP00000344352	9606.ENSP00000306245	0	0	0	0.757	0.470	0.353	0	0.984	0.994
ATF3	HSPA6	9606.ENSP00000344352	9606.ENSP00000310219	0	0	0	0	0.121	0.085	0	0.331	0.415
ATF3	JUN	9606.ENSP00000344352	9606.ENSP00000360266	0	0	0	0	0.550	0.931	0	0.995	0.999
ATP6V0B	FLCN	9606.ENSP00000434729	9606.ENSP00000285071	0	0	0	0	0	0	0.400	0.080	0.424
ATP6V0B	MRPL1	9606.ENSP00000434729	9606.ENSP00000315017	0	0	0	0	0.358	0	0	0.173	0.446
ATP6V0B	RRAGC	9606.ENSP00000434729	9606.ENSP00000362092	0	0	0	0	0.083	0	0.500	0.051	0.526
ATP6V0B	KDM6A	9606.ENSP00000434729	9606.ENSP00000367203	0.061	0	0	0	0.369	0.314	0.219	0.204	0.701
ATP6V0B	LAMTOR3	9606.ENSP00000434729	9606.ENSP00000424183	0	0	0	0	0.074	0.045	0.500	0.051	0.524
ATP6V0B	POLR1C	9606.ENSP00000434729	9606.ENSP00000496044	0.069	0	0	0	0.378	0	0	0.185	0.487
ATP6V0B	RNASEK	9606.ENSP00000434729	9606.ENSP00000449500	0	0	0	0	0.199	0.988	0.720	0	0.997
BRAF	CREBBP	9606.ENSP00000419060	9606.ENSP00000262367	0	0	0	0	0.062	0.047	0	0.449	0.465
BRAF	FOS	9606.ENSP00000419060	9606.ENSP00000306245	0	0	0	0	0	0.096	0	0.427	0.460
BRAF	PPM1D	9606.ENSP00000419060	9606.ENSP00000306682	0	0	0	0	0.044	0.107	0	0.383	0.427
BRAF	TYMS	9606.ENSP00000419060	9606.ENSP00000315644	0	0	0	0	0	0	0	0.445	0.445
BRAF	PPP2R2A	9606.ENSP00000419060	9606.ENSP00000325074	0	0	0	0	0.081	0.303	0	0.219	0.457
BRAF	RASSF1	9606.ENSP00000419060	9606.ENSP00000349547	0	0	0	0	0	0.187	0	0.508	0.583
BRAF	JUN	9606.ENSP00000419060	9606.ENSP00000360266	0	0	0	0	0	0.085	0	0.556	0.576
BRAF	KDM6A	9606.ENSP00000419060	9606.ENSP00000367203	0	0	0	0	0.105	0.106	0	0.430	0.504
BRAF	LAMTOR3	9606.ENSP00000419060	9606.ENSP00000424183	0	0	0	0	0.048	0.071	0.500	0.181	0.589
BRD2	PRPF3	9606.ENSP00000378702	9606.ENSP00000315379	0	0	0	0	0.083	0.421	0	0.052	0.452
BRD2	H2BC21	9606.ENSP00000378702	9606.ENSP00000358151	0	0	0	0	0.063	0.471	0	0.431	0.693
BRD2	INO80	9606.ENSP00000378702	9606.ENSP00000497609	0	0	0	0	0.054	0.472	0	0.051	0.484
BUD31	PPRC1	9606.ENSP00000386023	9606.ENSP00000278070	0	0	0	0	0.115	0.783	0	0.166	0.826
BUD31	TRA2A	9606.ENSP00000386023	9606.ENSP00000297071	0	0	0	0	0.099	0.417	0	0.176	0.530
BUD31	SRSF3	9606.ENSP00000386023	9606.ENSP00000362820	0	0	0	0	0.091	0.228	0	0.293	0.460
BUD31	TRA2B	9606.ENSP00000386023	9606.ENSP00000416959	0	0	0	0	0.091	0.279	0	0.275	0.483
CCDC86	DDX21	9606.ENSP00000227520	9606.ENSP00000346120	0	0	0	0	0.177	0.209	0	0.243	0.464
CCNL1	SRSF3	9606.ENSP00000295926	9606.ENSP00000362820	0	0	0	0	0.137	0.292	0	0.173	0.450
CCNL1	CLK1	9606.ENSP00000295926	9606.ENSP00000394734	0	0	0	0	0.535	0	0	0.110	0.568
CDCA2	G2E3	9606.ENSP00000328228	9606.ENSP00000206595	0	0	0	0	0.180	0	0	0.509	0.580
CDCA2	PCLAF	9606.ENSP00000328228	9606.ENSP00000300035	0	0	0	0	0.362	0	0	0.137	0.425
CDCA2	PLK1	9606.ENSP00000328228	9606.ENSP00000300093	0	0	0	0	0.558	0	0	0.399	0.723
CDCA2	TYMS	9606.ENSP00000328228	9606.ENSP00000315644	0	0	0	0	0.337	0	0	0.222	0.463
CDCA2	DIAPH3	9606.ENSP00000328228	9606.ENSP00000383178	0	0	0	0	0.442	0	0	0.063	0.455
CDCA2	RRM2	9606.ENSP00000328228	9606.ENSP00000353770	0	0	0	0	0.420	0	0	0.194	0.513
CDCA2	DTL	9606.ENSP00000328228	9606.ENSP00000355958	0	0	0	0	0.480	0	0	0.110	0.517
CDCA2	ZWINT	9606.ENSP00000328228	9606.ENSP00000363055	0	0	0	0	0.449	0	0	0.330	0.615
CDCA2	NUSAP1	9606.ENSP00000328228	9606.ENSP00000499238	0	0	0	0	0.521	0	0	0.359	0.680
CLK1	CCNL1	9606.ENSP00000394734	9606.ENSP00000295926	0	0	0	0	0.535	0	0	0.110	0.568
CLK1	TRA2A	9606.ENSP00000394734	9606.ENSP00000297071	0	0	0	0	0.192	0.712	0	0.207	0.799
CLK1	CLK4	9606.ENSP00000394734	9606.ENSP00000316948	0	0	0.051	0.978	0.599	0	0.900	0.056	0.959
CLK1	SRSF3	9606.ENSP00000394734	9606.ENSP00000362820	0	0	0	0	0.082	0.540	0	0.474	0.758
CLK1	NXF1	9606.ENSP00000394734	9606.ENSP00000436679	0	0	0	0	0.212	0	0	0.284	0.412
CLK1	TRA2B	9606.ENSP00000394734	9606.ENSP00000416959	0	0	0	0	0.147	0.213	0	0.336	0.516
CLK4	TRA2A	9606.ENSP00000316948	9606.ENSP00000297071	0	0	0	0	0.144	0.099	0	0.298	0.412
CLK4	TRMT13	9606.ENSP00000316948	9606.ENSP00000359160	0	0	0	0	0.413	0	0	0	0.413
CLK4	SRSF3	9606.ENSP00000316948	9606.ENSP00000362820	0	0	0	0	0.067	0.095	0	0.399	0.449
CLK4	H2BC21	9606.ENSP00000316948	9606.ENSP00000358151	0	0	0	0	0.058	0	0	0.549	0.557
CLK4	CLK1	9606.ENSP00000316948	9606.ENSP00000394734	0	0	0.051	0.978	0.599	0	0.900	0.056	0.959
CREBBP	ATF1	9606.ENSP00000262367	9606.ENSP00000262053	0	0	0	0	0.056	0.331	0	0.630	0.746
CREBBP	BRAF	9606.ENSP00000262367	9606.ENSP00000419060	0	0	0	0	0.062	0.047	0	0.449	0.465
CREBBP	NFKBIB	9606.ENSP00000262367	9606.ENSP00000312988	0	0	0	0	0	0	0	0.470	0.470
CREBBP	SERTAD1	9606.ENSP00000262367	9606.ENSP00000350633	0	0	0	0	0	0.295	0	0.302	0.487
CREBBP	H2AC6	9606.ENSP00000262367	9606.ENSP00000367022	0	0	0	0	0.056	0.071	0.500	0.052	0.528
CREBBP	SLC7A11	9606.ENSP00000262367	9606.ENSP00000280612	0	0	0	0	0	0	0.500	0.100	0.531
CREBBP	H2BC11	9606.ENSP00000262367	9606.ENSP00000476136	0	0	0	0	0.055	0	0.500	0.167	0.572
CREBBP	MED13	9606.ENSP00000262367	9606.ENSP00000380888	0	0	0	0	0.194	0	0.500	0.159	0.631
CREBBP	ATF3	9606.ENSP00000262367	9606.ENSP00000344352	0	0	0	0	0.053	0.294	0	0.560	0.681
CREBBP	H2BC21	9606.ENSP00000262367	9606.ENSP00000358151	0	0	0	0	0.073	0.292	0.500	0.400	0.776
CREBBP	KDM6A	9606.ENSP00000262367	9606.ENSP00000367203	0	0	0	0	0.187	0.102	0	0.762	0.811
CREBBP	FOS	9606.ENSP00000262367	9606.ENSP00000306245	0	0	0	0	0.067	0.630	0	0.848	0.943
CREBBP	TCF7L2	9606.ENSP00000262367	9606.ENSP00000486891	0	0	0	0	0.062	0.125	0.900	0.643	0.966
CREBBP	JUN	9606.ENSP00000262367	9606.ENSP00000360266	0	0	0	0	0.049	0.839	0	0.969	0.994
CREBRF	ATF1	9606.ENSP00000296953	9606.ENSP00000262053	0	0	0	0	0.047	0.470	0	0	0.473
DCAF4L1	DTL	9606.ENSP00000327796	9606.ENSP00000355958	0	0	0	0	0	0	0.540	0.071	0.554
DDX21	CCDC86	9606.ENSP00000346120	9606.ENSP00000227520	0	0	0	0	0.177	0.209	0	0.243	0.464
DDX21	DDX39A	9606.ENSP00000346120	9606.ENSP00000242776	0	0	0.151	0.694	0.139	0	0	0.348	0.482
DDX21	PNO1	9606.ENSP00000346120	9606.ENSP00000263657	0	0	0	0	0.518	0.201	0	0.087	0.618
DDX21	NOP58	9606.ENSP00000346120	9606.ENSP00000264279	0.057	0	0	0	0.549	0.492	0	0.498	0.877
DDX21	UTP4	9606.ENSP00000346120	9606.ENSP00000327179	0	0	0	0	0.369	0.091	0	0.056	0.411
DDX21	TAF1A	9606.ENSP00000346120	9606.ENSP00000339976	0	0	0	0	0.078	0.192	0.500	0.063	0.604
DDX21	H2BC11	9606.ENSP00000346120	9606.ENSP00000476136	0	0	0	0	0	0.071	0.400	0.042	0.419
DDX21	H2AC6	9606.ENSP00000346120	9606.ENSP00000367022	0	0	0	0	0.054	0.073	0.400	0.064	0.441
DDX21	H2BC21	9606.ENSP00000346120	9606.ENSP00000358151	0	0	0	0	0	0.071	0.400	0.104	0.457
DDX21	NXF1	9606.ENSP00000346120	9606.ENSP00000436679	0	0	0	0	0.121	0.098	0	0.415	0.496
DDX21	JUN	9606.ENSP00000346120	9606.ENSP00000360266	0	0	0	0	0.057	0.359	0	0.257	0.512
DDX21	UTP14A	9606.ENSP00000346120	9606.ENSP00000377944	0	0	0	0	0.371	0.133	0	0.215	0.535
DDX21	RRP12	9606.ENSP00000346120	9606.ENSP00000446184	0	0	0	0	0.338	0.257	0	0.161	0.551
DDX21	DNAJC2	9606.ENSP00000346120	9606.ENSP00000368565	0	0	0	0	0.279	0.323	0	0.172	0.560
DDX21	TEX10	9606.ENSP00000346120	9606.ENSP00000364037	0	0	0	0	0.182	0.066	0.400	0.284	0.628
DDX21	SFPQ	9606.ENSP00000346120	9606.ENSP00000349748	0	0	0	0	0.215	0.205	0	0.467	0.638
DDX21	RPF2	9606.ENSP00000346120	9606.ENSP00000402338	0	0	0	0	0.498	0.277	0	0.141	0.661
DDX21	POLR1C	9606.ENSP00000346120	9606.ENSP00000496044	0	0	0	0	0.291	0.093	0.500	0.170	0.697
DDX39A	TRA2B	9606.ENSP00000242776	9606.ENSP00000416959	0	0	0	0	0.268	0.113	0	0.168	0.413
DDX39A	DDX21	9606.ENSP00000242776	9606.ENSP00000346120	0	0	0.151	0.694	0.139	0	0	0.348	0.482
DDX39A	SRSF3	9606.ENSP00000242776	9606.ENSP00000362820	0	0	0	0	0.304	0	0	0.351	0.529
DDX39A	NOP58	9606.ENSP00000242776	9606.ENSP00000264279	0.057	0	0	0	0.284	0.313	0	0.169	0.563
DDX39A	SRRT	9606.ENSP00000242776	9606.ENSP00000480421	0	0	0	0	0.467	0	0	0.315	0.619
DDX39A	PCF11	9606.ENSP00000242776	9606.ENSP00000298281	0	0	0	0	0.083	0.094	0.500	0.469	0.750
DDX39A	NXF1	9606.ENSP00000242776	9606.ENSP00000436679	0	0	0	0	0.209	0.114	0.400	0.639	0.828
DIAPH3	RND1	9606.ENSP00000383178	9606.ENSP00000308461	0	0	0	0	0.074	0.179	0	0.279	0.404
DIAPH3	CDCA2	9606.ENSP00000383178	9606.ENSP00000328228	0	0	0	0	0.442	0	0	0.063	0.455
DIAPH3	RRM2	9606.ENSP00000383178	9606.ENSP00000353770	0	0	0	0	0.376	0	0	0.192	0.475
DIAPH3	NUSAP1	9606.ENSP00000383178	9606.ENSP00000499238	0	0	0	0	0.435	0	0	0.085	0.461
DLX2	JUN	9606.ENSP00000234198	9606.ENSP00000360266	0	0	0	0	0.045	0	0	0.444	0.446
DNAJC2	NOP58	9606.ENSP00000368565	9606.ENSP00000264279	0	0	0	0	0.654	0	0	0.119	0.682
DNAJC2	DNAJC27	9606.ENSP00000368565	9606.ENSP00000264711	0	0	0	0	0	0.053	0	0.457	0.464
DNAJC2	HSPA6	9606.ENSP00000368565	9606.ENSP00000310219	0	0	0	0	0.198	0.504	0.400	0.264	0.800
DNAJC2	DDX21	9606.ENSP00000368565	9606.ENSP00000346120	0	0	0	0	0.279	0.323	0	0.172	0.560
DNAJC2	HSPH1	9606.ENSP00000368565	9606.ENSP00000487365	0	0	0	0	0.178	0.274	0	0.229	0.500
DNAJC2	RPF2	9606.ENSP00000368565	9606.ENSP00000402338	0	0	0	0	0.542	0	0	0.167	0.602
DNAJC27	DNAJC2	9606.ENSP00000264711	9606.ENSP00000368565	0	0	0	0	0	0.053	0	0.457	0.464
DOHH	NOP58	9606.ENSP00000398882	9606.ENSP00000264279	0	0	0	0	0.329	0	0	0.248	0.474
DOHH	TFB2M	9606.ENSP00000398882	9606.ENSP00000355471	0.049	0	0	0	0.396	0	0	0	0.401
DOHH	RPF2	9606.ENSP00000398882	9606.ENSP00000402338	0	0	0	0	0.561	0	0	0.174	0.622
DTL	PCLAF	9606.ENSP00000355958	9606.ENSP00000300035	0	0	0	0	0.734	0	0	0.256	0.794
DTL	PLK1	9606.ENSP00000355958	9606.ENSP00000300093	0	0	0	0	0.269	0	0	0.213	0.400
DTL	TYMS	9606.ENSP00000355958	9606.ENSP00000315644	0	0	0	0	0.594	0	0	0.321	0.713
DTL	DCAF4L1	9606.ENSP00000355958	9606.ENSP00000327796	0	0	0	0	0	0	0.540	0.071	0.554
DTL	CDCA2	9606.ENSP00000355958	9606.ENSP00000328228	0	0	0	0	0.480	0	0	0.110	0.517
DTL	RRM2	9606.ENSP00000355958	9606.ENSP00000353770	0	0	0	0	0.816	0.079	0	0.348	0.880
DTL	ZWINT	9606.ENSP00000355958	9606.ENSP00000363055	0	0	0	0	0.785	0	0	0.190	0.819
DTL	NUSAP1	9606.ENSP00000355958	9606.ENSP00000499238	0	0	0	0	0.779	0	0	0.281	0.834
DUSP10	FOS	9606.ENSP00000355866	9606.ENSP00000306245	0	0	0	0	0.094	0.140	0	0.386	0.480
DUSP10	H1-2	9606.ENSP00000355866	9606.ENSP00000339566	0	0	0	0	0.047	0	0	0.417	0.421
DUSP10	DUSP8	9606.ENSP00000355866	9606.ENSP00000380530	0	0	0	0.728	0.053	0	0	0.549	0.555
DUSP10	JUN	9606.ENSP00000355866	9606.ENSP00000360266	0	0	0	0	0.142	0.111	0	0.502	0.587
DUSP8	FOS	9606.ENSP00000380530	9606.ENSP00000306245	0	0	0	0	0.074	0.140	0	0.322	0.413
DUSP8	DUSP10	9606.ENSP00000380530	9606.ENSP00000355866	0	0	0	0.728	0.053	0	0	0.549	0.555
DUSP8	JUN	9606.ENSP00000380530	9606.ENSP00000360266	0	0	0	0	0.118	0.111	0	0.437	0.521
DYNC2H1	DYNLL1	9606.ENSP00000497174	9606.ENSP00000376297	0	0	0	0	0	0.877	0.900	0.937	0.999
DYNLL1	HAUS2	9606.ENSP00000376297	9606.ENSP00000260372	0	0	0	0	0	0	0.500	0	0.499
DYNLL1	PLK1	9606.ENSP00000376297	9606.ENSP00000300093	0	0	0	0	0.049	0	0.800	0.492	0.894
DYNLL1	DYNC2H1	9606.ENSP00000376297	9606.ENSP00000497174	0	0	0	0	0	0.877	0.900	0.937	0.999
EPC1	INO80	9606.ENSP00000263062	9606.ENSP00000497609	0	0	0	0	0.142	0.307	0	0.130	0.437
EPC1	H2AC6	9606.ENSP00000263062	9606.ENSP00000367022	0	0	0	0	0.049	0.223	0.400	0	0.517
FLCN	ATP6V0B	9606.ENSP00000285071	9606.ENSP00000434729	0	0	0	0	0	0	0.400	0.080	0.424
FLCN	LAMTOR3	9606.ENSP00000285071	9606.ENSP00000424183	0	0	0	0	0	0.837	0.400	0.372	0.933
FLCN	RRAGC	9606.ENSP00000285071	9606.ENSP00000362092	0	0	0	0	0.105	0.930	0.900	0.890	0.999
FOS	GADD45B	9606.ENSP00000306245	9606.ENSP00000215631	0	0	0	0	0.267	0	0	0.511	0.627
FOS	RELB	9606.ENSP00000306245	9606.ENSP00000221452	0	0	0	0	0.067	0.094	0	0.455	0.499
FOS	ATF1	9606.ENSP00000306245	9606.ENSP00000262053	0	0	0	0	0.064	0	0	0.600	0.610
FOS	CREBBP	9606.ENSP00000306245	9606.ENSP00000262367	0	0	0	0	0.067	0.630	0	0.848	0.943
FOS	GTF2H1	9606.ENSP00000306245	9606.ENSP00000265963	0	0	0	0	0	0	0	0.447	0.447
FOS	DUSP8	9606.ENSP00000306245	9606.ENSP00000380530	0	0	0	0	0.074	0.140	0	0.322	0.413
FOS	BRAF	9606.ENSP00000306245	9606.ENSP00000419060	0	0	0	0	0	0.096	0	0.427	0.460
FOS	DUSP10	9606.ENSP00000306245	9606.ENSP00000355866	0	0	0	0	0.094	0.140	0	0.386	0.480
FOS	H2AC6	9606.ENSP00000306245	9606.ENSP00000367022	0	0	0	0	0.070	0.054	0.500	0.091	0.547
FOS	ISG15	9606.ENSP00000306245	9606.ENSP00000496832	0	0	0	0	0	0.066	0	0.535	0.547
FOS	SGK1	9606.ENSP00000306245	9606.ENSP00000356832	0	0	0	0	0.221	0.071	0	0.435	0.555
FOS	NFKBIB	9606.ENSP00000306245	9606.ENSP00000312988	0	0	0	0	0	0.053	0	0.561	0.567
FOS	H2BC11	9606.ENSP00000306245	9606.ENSP00000476136	0	0	0	0	0	0.072	0.500	0.175	0.583
FOS	TCF7L2	9606.ENSP00000306245	9606.ENSP00000486891	0	0	0	0	0.047	0.099	0	0.586	0.614
FOS	H2BC21	9606.ENSP00000306245	9606.ENSP00000358151	0	0	0	0	0.084	0.072	0.500	0.370	0.696
FOS	ATF3	9606.ENSP00000306245	9606.ENSP00000344352	0	0	0	0.757	0.470	0.353	0	0.984	0.994
FOS	JUN	9606.ENSP00000306245	9606.ENSP00000360266	0	0	0	0	0.690	0.999	0.900	0.999	0.999
G2E3	NUSAP1	9606.ENSP00000206595	9606.ENSP00000499238	0	0	0	0	0.243	0	0	0.302	0.449
G2E3	CDCA2	9606.ENSP00000206595	9606.ENSP00000328228	0	0	0	0	0.180	0	0	0.509	0.580
GABPB1	PPRC1	9606.ENSP00000220429	9606.ENSP00000278070	0	0	0	0	0.074	0	0.500	0.202	0.598
GABPB1	TFB2M	9606.ENSP00000220429	9606.ENSP00000355471	0	0	0	0	0.090	0	0.500	0.698	0.850
GADD45B	SERTAD1	9606.ENSP00000215631	9606.ENSP00000350633	0	0	0	0	0.461	0	0	0.174	0.536
GADD45B	FOS	9606.ENSP00000215631	9606.ENSP00000306245	0	0	0	0	0.267	0	0	0.511	0.627
GADD45B	JUN	9606.ENSP00000215631	9606.ENSP00000360266	0	0	0	0	0.453	0	0	0.478	0.702
GADD45B	ATF3	9606.ENSP00000215631	9606.ENSP00000344352	0	0	0	0	0.445	0	0	0.697	0.824
GBP1	IFI27	9606.ENSP00000359504	9606.ENSP00000483430	0	0	0	0	0.202	0	0	0.574	0.645
GBP1	ISG15	9606.ENSP00000359504	9606.ENSP00000496832	0	0	0	0	0.341	0	0	0.643	0.754
GBP1	IFI44L	9606.ENSP00000359504	9606.ENSP00000359787	0	0	0	0	0.476	0	0	0.581	0.771
GBP1	IFI44	9606.ENSP00000359504	9606.ENSP00000359783	0	0	0	0	0.525	0	0	0.729	0.865
GTF2H1	FOS	9606.ENSP00000265963	9606.ENSP00000306245	0	0	0	0	0	0	0	0.447	0.447
GTF2H1	TFB2M	9606.ENSP00000265963	9606.ENSP00000355471	0	0	0	0	0.104	0.105	0	0.370	0.451
GTF2H1	TAF1A	9606.ENSP00000265963	9606.ENSP00000339976	0	0	0	0	0.062	0	0.500	0	0.510
GTF2H1	POLR1C	9606.ENSP00000265963	9606.ENSP00000496044	0	0	0	0	0.054	0.502	0.500	0.051	0.746
GTF2H1	H2BC11	9606.ENSP00000265963	9606.ENSP00000476136	0	0	0	0	0	0.813	0	0	0.813
H1-2	DUSP10	9606.ENSP00000339566	9606.ENSP00000355866	0	0	0	0	0.047	0	0	0.417	0.421
H1-2	H2BC11	9606.ENSP00000339566	9606.ENSP00000476136	0	0.007	0	0	0.374	0.116	0	0.332	0.598
H1-2	H2AC6	9606.ENSP00000339566	9606.ENSP00000367022	0	0.002	0	0	0.770	0.136	0	0.397	0.870
H1-2	H2BC21	9606.ENSP00000339566	9606.ENSP00000358151	0	0.007	0	0	0.650	0.300	0	0.732	0.928
H2AC6	CREBBP	9606.ENSP00000367022	9606.ENSP00000262367	0	0	0	0	0.056	0.071	0.500	0.052	0.528
H2AC6	EPC1	9606.ENSP00000367022	9606.ENSP00000263062	0	0	0	0	0.049	0.223	0.400	0	0.517
H2AC6	PLK1	9606.ENSP00000367022	9606.ENSP00000300093	0	0	0	0	0.060	0	0.500	0.091	0.535
H2AC6	FOS	9606.ENSP00000367022	9606.ENSP00000306245	0	0	0	0	0.070	0.054	0.500	0.091	0.547
H2AC6	H1-2	9606.ENSP00000367022	9606.ENSP00000339566	0	0.002	0	0	0.770	0.136	0	0.397	0.870
H2AC6	TAF1A	9606.ENSP00000367022	9606.ENSP00000339976	0	0	0	0	0	0	0.400	0	0.400
H2AC6	DDX21	9606.ENSP00000367022	9606.ENSP00000346120	0	0	0	0	0.054	0.073	0.400	0.064	0.441
H2AC6	H2BC21	9606.ENSP00000367022	9606.ENSP00000358151	0	0.018	0	0	0.823	0.926	0.400	0.372	0.994
H2AC6	JUN	9606.ENSP00000367022	9606.ENSP00000360266	0	0	0	0	0.056	0	0.500	0.068	0.521
H2AC6	STAG1	9606.ENSP00000367022	9606.ENSP00000372689	0	0	0	0	0.057	0.077	0.500	0.048	0.530
H2AC6	TCF7L2	9606.ENSP00000367022	9606.ENSP00000486891	0	0	0	0	0	0	0.500	0.100	0.530
H2AC6	POLR1C	9606.ENSP00000367022	9606.ENSP00000496044	0	0	0	0	0.047	0.273	0.400	0.066	0.559
H2AC6	KDM6A	9606.ENSP00000367022	9606.ENSP00000367203	0	0	0	0	0.060	0.395	0.500	0.072	0.700
H2AC6	H2BC11	9606.ENSP00000367022	9606.ENSP00000476136	0	0.018	0	0	0.546	0.920	0.400	0.542	0.988
H2BC11	CREBBP	9606.ENSP00000476136	9606.ENSP00000262367	0	0	0	0	0.055	0	0.500	0.167	0.572
H2BC11	GTF2H1	9606.ENSP00000476136	9606.ENSP00000265963	0	0	0	0	0	0.813	0	0	0.813
H2BC11	PLK1	9606.ENSP00000476136	9606.ENSP00000300093	0	0	0	0	0.093	0	0.500	0.372	0.690
H2BC11	FOS	9606.ENSP00000476136	9606.ENSP00000306245	0	0	0	0	0	0.072	0.500	0.175	0.583
H2BC11	H1-2	9606.ENSP00000476136	9606.ENSP00000339566	0	0.007	0	0	0.374	0.116	0	0.332	0.598
H2BC11	TAF1A	9606.ENSP00000476136	9606.ENSP00000339976	0	0	0	0	0.044	0	0.400	0	0.401
H2BC11	DDX21	9606.ENSP00000476136	9606.ENSP00000346120	0	0	0	0	0	0.071	0.400	0.042	0.419
H2BC11	H2BC21	9606.ENSP00000476136	9606.ENSP00000358151	0	0	0.048	0.984	0.306	0.817	0.400	0.274	0.938
H2BC11	JUN	9606.ENSP00000476136	9606.ENSP00000360266	0	0	0	0	0.042	0.071	0.500	0.200	0.596
H2BC11	H2AC6	9606.ENSP00000476136	9606.ENSP00000367022	0	0.018	0	0	0.546	0.920	0.400	0.542	0.988
H2BC11	KDM6A	9606.ENSP00000476136	9606.ENSP00000367203	0	0	0	0	0.042	0.316	0.500	0.177	0.694
H2BC11	STAG1	9606.ENSP00000476136	9606.ENSP00000372689	0	0	0	0	0	0.098	0.500	0.125	0.570
H2BC11	TCF7L2	9606.ENSP00000476136	9606.ENSP00000486891	0	0	0	0	0	0	0.500	0	0.499
H2BC11	POLR1C	9606.ENSP00000476136	9606.ENSP00000496044	0	0	0	0	0	0.271	0.400	0.080	0.562
H2BC11	INO80	9606.ENSP00000476136	9606.ENSP00000497609	0	0	0	0	0	0.821	0	0.057	0.824
H2BC21	CREBBP	9606.ENSP00000358151	9606.ENSP00000262367	0	0	0	0	0.073	0.292	0.500	0.400	0.776
H2BC21	USP15	9606.ENSP00000358151	9606.ENSP00000280377	0	0	0	0	0.042	0.345	0	0.269	0.501
H2BC21	PLK1	9606.ENSP00000358151	9606.ENSP00000300093	0	0	0	0	0.074	0	0.500	0.448	0.722
H2BC21	FOS	9606.ENSP00000358151	9606.ENSP00000306245	0	0	0	0	0.084	0.072	0.500	0.370	0.696
H2BC21	AOC3	9606.ENSP00000358151	9606.ENSP00000312326	0	0	0	0	0	0	0	0.434	0.434
H2BC21	CLK4	9606.ENSP00000358151	9606.ENSP00000316948	0	0	0	0	0.058	0	0	0.549	0.557
H2BC21	ZNF335	9606.ENSP00000358151	9606.ENSP00000325326	0	0	0	0	0.067	0.099	0	0.417	0.467
H2BC21	H1-2	9606.ENSP00000358151	9606.ENSP00000339566	0	0.007	0	0	0.650	0.300	0	0.732	0.928
H2BC21	TAF1A	9606.ENSP00000358151	9606.ENSP00000339976	0	0	0	0	0	0.292	0.400	0.063	0.567
H2BC21	DDX21	9606.ENSP00000358151	9606.ENSP00000346120	0	0	0	0	0	0.071	0.400	0.104	0.457
H2BC21	TCF7L2	9606.ENSP00000358151	9606.ENSP00000486891	0	0	0	0	0	0	0.500	0.125	0.543
H2BC21	POLR1C	9606.ENSP00000358151	9606.ENSP00000496044	0	0	0	0	0	0.271	0.400	0.170	0.605
H2BC21	STAG1	9606.ENSP00000358151	9606.ENSP00000372689	0	0	0	0	0	0.098	0.500	0.259	0.636
H2BC21	JUN	9606.ENSP00000358151	9606.ENSP00000360266	0	0	0	0	0.072	0.071	0.500	0.348	0.681
H2BC21	BRD2	9606.ENSP00000358151	9606.ENSP00000378702	0	0	0	0	0.063	0.471	0	0.431	0.693
H2BC21	KDM6A	9606.ENSP00000358151	9606.ENSP00000367203	0	0	0	0	0.072	0.316	0.500	0.399	0.783
H2BC21	H2BC11	9606.ENSP00000358151	9606.ENSP00000476136	0	0	0.048	0.984	0.306	0.817	0.400	0.274	0.938
H2BC21	H2AC6	9606.ENSP00000358151	9606.ENSP00000367022	0	0.018	0	0	0.823	0.926	0.400	0.372	0.994
HAUS2	DYNLL1	9606.ENSP00000260372	9606.ENSP00000376297	0	0	0	0	0	0	0.500	0	0.499
HAUS2	PLK1	9606.ENSP00000260372	9606.ENSP00000300093	0	0	0	0	0.074	0	0.500	0	0.517
HCFC2	KDM6A	9606.ENSP00000229330	9606.ENSP00000367203	0	0	0	0	0.059	0.329	0	0.126	0.400
HCFC2	TEX10	9606.ENSP00000229330	9606.ENSP00000364037	0	0	0	0	0	0	0.540	0.080	0.558
HSPA6	ATF3	9606.ENSP00000310219	9606.ENSP00000344352	0	0	0	0	0.121	0.085	0	0.331	0.415
HSPA6	HSPH1	9606.ENSP00000310219	9606.ENSP00000487365	0	0	0.163	0.732	0.256	0.241	0.400	0.186	0.727
HSPA6	DNAJC2	9606.ENSP00000310219	9606.ENSP00000368565	0	0	0	0	0.198	0.504	0.400	0.264	0.800
HSPH1	HSPA6	9606.ENSP00000487365	9606.ENSP00000310219	0	0	0.163	0.732	0.256	0.241	0.400	0.186	0.727
HSPH1	DNAJC2	9606.ENSP00000487365	9606.ENSP00000368565	0	0	0	0	0.178	0.274	0	0.229	0.500
ID2	JUN	9606.ENSP00000234091	9606.ENSP00000360266	0	0	0	0	0.097	0	0	0.380	0.416
ID2	TCF7L2	9606.ENSP00000234091	9606.ENSP00000486891	0	0	0	0	0.048	0	0	0.522	0.525
IFI27	GBP1	9606.ENSP00000483430	9606.ENSP00000359504	0	0	0	0	0.202	0	0	0.574	0.645
IFI27	IFI44	9606.ENSP00000483430	9606.ENSP00000359783	0	0	0	0	0.772	0	0	0.769	0.945
IFI27	IFI44L	9606.ENSP00000483430	9606.ENSP00000359787	0	0	0	0	0.777	0.128	0	0.894	0.977
IFI27	ISG15	9606.ENSP00000483430	9606.ENSP00000496832	0	0	0	0	0.783	0.109	0	0.857	0.970
IFI44	GBP1	9606.ENSP00000359783	9606.ENSP00000359504	0	0	0	0	0.525	0	0	0.729	0.865
IFI44	IFI27	9606.ENSP00000359783	9606.ENSP00000483430	0	0	0	0	0.772	0	0	0.769	0.945
IFI44	ISG15	9606.ENSP00000359783	9606.ENSP00000496832	0	0	0	0	0.803	0	0	0.828	0.964
IFI44	IFI44L	9606.ENSP00000359783	9606.ENSP00000359787	0	0	0.086	0.909	0.999	0	0	0.702	0.999
IFI44L	GBP1	9606.ENSP00000359787	9606.ENSP00000359504	0	0	0	0	0.476	0	0	0.581	0.771
IFI44L	IFI44	9606.ENSP00000359787	9606.ENSP00000359783	0	0	0.086	0.909	0.999	0	0	0.702	0.999
IFI44L	ISG15	9606.ENSP00000359787	9606.ENSP00000496832	0	0	0	0	0.781	0	0	0.840	0.963
IFI44L	IFI27	9606.ENSP00000359787	9606.ENSP00000483430	0	0	0	0	0.777	0.128	0	0.894	0.977
INO80	EPC1	9606.ENSP00000497609	9606.ENSP00000263062	0	0	0	0	0.142	0.307	0	0.130	0.437
INO80	BRD2	9606.ENSP00000497609	9606.ENSP00000378702	0	0	0	0	0.054	0.472	0	0.051	0.484
INO80	SCAF8	9606.ENSP00000497609	9606.ENSP00000413098	0	0	0	0	0.512	0.089	0	0	0.536
INO80	H2BC11	9606.ENSP00000497609	9606.ENSP00000476136	0	0	0	0	0	0.821	0	0.057	0.824
INTS6	PCF11	9606.ENSP00000310260	9606.ENSP00000298281	0	0	0	0	0.277	0	0.400	0.256	0.649
ISG15	PCLAF	9606.ENSP00000496832	9606.ENSP00000300035	0	0	0	0	0.068	0	0.500	0.152	0.570
ISG15	FOS	9606.ENSP00000496832	9606.ENSP00000306245	0	0	0	0	0	0.066	0	0.535	0.547
ISG15	MRPL1	9606.ENSP00000496832	9606.ENSP00000315017	0	0	0	0	0.122	0.302	0	0.101	0.401
ISG15	GBP1	9606.ENSP00000496832	9606.ENSP00000359504	0	0	0	0	0.341	0	0	0.643	0.754
ISG15	IFI44	9606.ENSP00000496832	9606.ENSP00000359783	0	0	0	0	0.803	0	0	0.828	0.964
ISG15	IFI44L	9606.ENSP00000496832	9606.ENSP00000359787	0	0	0	0	0.781	0	0	0.840	0.963
ISG15	IFI27	9606.ENSP00000496832	9606.ENSP00000483430	0	0	0	0	0.783	0.109	0	0.857	0.970
JUN	GADD45B	9606.ENSP00000360266	9606.ENSP00000215631	0	0	0	0	0.453	0	0	0.478	0.702
JUN	RELB	9606.ENSP00000360266	9606.ENSP00000221452	0	0	0	0	0.069	0.093	0	0.543	0.581
JUN	ID2	9606.ENSP00000360266	9606.ENSP00000234091	0	0	0	0	0.097	0	0	0.380	0.416
JUN	DLX2	9606.ENSP00000360266	9606.ENSP00000234198	0	0	0	0	0.045	0	0	0.444	0.446
JUN	ATF1	9606.ENSP00000360266	9606.ENSP00000262053	0	0	0	0	0.042	0.214	0	0.307	0.432
JUN	CREBBP	9606.ENSP00000360266	9606.ENSP00000262367	0	0	0	0	0.049	0.839	0	0.969	0.994
JUN	PLK1	9606.ENSP00000360266	9606.ENSP00000300093	0	0	0	0	0	0.131	0	0.371	0.430
JUN	FOS	9606.ENSP00000360266	9606.ENSP00000306245	0	0	0	0	0.690	0.999	0.900	0.999	0.999
JUN	NFKBIB	9606.ENSP00000360266	9606.ENSP00000312988	0	0	0	0	0.051	0	0	0.634	0.637
JUN	ATF3	9606.ENSP00000360266	9606.ENSP00000344352	0	0	0	0	0.550	0.931	0	0.995	0.999
JUN	DDX21	9606.ENSP00000360266	9606.ENSP00000346120	0	0	0	0	0.057	0.359	0	0.257	0.512
JUN	SFPQ	9606.ENSP00000360266	9606.ENSP00000349748	0	0	0	0	0.044	0.131	0	0.433	0.487
JUN	DUSP10	9606.ENSP00000360266	9606.ENSP00000355866	0	0	0	0	0.142	0.111	0	0.502	0.587
JUN	SGK1	9606.ENSP00000360266	9606.ENSP00000356832	0	0	0	0	0.138	0	0	0.426	0.484
JUN	H2BC21	9606.ENSP00000360266	9606.ENSP00000358151	0	0	0	0	0.072	0.071	0.500	0.348	0.681
JUN	SKIL	9606.ENSP00000360266	9606.ENSP00000415243	0	0	0	0	0.049	0	0	0.467	0.471
JUN	DUSP8	9606.ENSP00000360266	9606.ENSP00000380530	0	0	0	0	0.118	0.111	0	0.437	0.521
JUN	H2AC6	9606.ENSP00000360266	9606.ENSP00000367022	0	0	0	0	0.056	0	0.500	0.068	0.521
JUN	BRAF	9606.ENSP00000360266	9606.ENSP00000419060	0	0	0	0	0	0.085	0	0.556	0.576
JUN	H2BC11	9606.ENSP00000360266	9606.ENSP00000476136	0	0	0	0	0.042	0.071	0.500	0.200	0.596
JUN	KDM6A	9606.ENSP00000360266	9606.ENSP00000367203	0	0	0	0	0.044	0.062	0.500	0.235	0.611
JUN	TCF7L2	9606.ENSP00000360266	9606.ENSP00000486891	0	0	0	0	0.044	0	0	0.692	0.693
KDM6A	ZFY	9606.ENSP00000367203	9606.ENSP00000155093	0	0	0	0	0.087	0.117	0	0.381	0.457
KDM6A	HCFC2	9606.ENSP00000367203	9606.ENSP00000229330	0	0	0	0	0.059	0.329	0	0.126	0.400
KDM6A	CREBBP	9606.ENSP00000367203	9606.ENSP00000262367	0	0	0	0	0.187	0.102	0	0.762	0.811
KDM6A	MRPL1	9606.ENSP00000367203	9606.ENSP00000315017	0	0	0	0	0.387	0	0	0.202	0.489
KDM6A	H2BC21	9606.ENSP00000367203	9606.ENSP00000358151	0	0	0	0	0.072	0.316	0.500	0.399	0.783
KDM6A	JUN	9606.ENSP00000367203	9606.ENSP00000360266	0	0	0	0	0.044	0.062	0.500	0.235	0.611
KDM6A	H2AC6	9606.ENSP00000367203	9606.ENSP00000367022	0	0	0	0	0.060	0.395	0.500	0.072	0.700
KDM6A	BRAF	9606.ENSP00000367203	9606.ENSP00000419060	0	0	0	0	0.105	0.106	0	0.430	0.504
KDM6A	POLR1C	9606.ENSP00000367203	9606.ENSP00000496044	0.042	0	0	0	0.405	0.181	0	0.258	0.607
KDM6A	H2BC11	9606.ENSP00000367203	9606.ENSP00000476136	0	0	0	0	0.042	0.316	0.500	0.177	0.694
KDM6A	ATP6V0B	9606.ENSP00000367203	9606.ENSP00000434729	0.061	0	0	0	0.369	0.314	0.219	0.204	0.701
LAMTOR3	FLCN	9606.ENSP00000424183	9606.ENSP00000285071	0	0	0	0	0	0.837	0.400	0.372	0.933
LAMTOR3	RRAGC	9606.ENSP00000424183	9606.ENSP00000362092	0	0	0	0	0.075	0.999	0.650	0.787	0.999
LAMTOR3	AKT1S1	9606.ENSP00000424183	9606.ENSP00000375711	0	0	0	0	0	0	0.500	0.255	0.611
LAMTOR3	BRAF	9606.ENSP00000424183	9606.ENSP00000419060	0	0	0	0	0.048	0.071	0.500	0.181	0.589
LAMTOR3	ATP6V0B	9606.ENSP00000424183	9606.ENSP00000434729	0	0	0	0	0.074	0.045	0.500	0.051	0.524
LATS1	RASSF1	9606.ENSP00000437550	9606.ENSP00000349547	0	0	0	0	0	0.292	0	0.777	0.835
MAD2L1BP	PLK1	9606.ENSP00000410818	9606.ENSP00000300093	0	0	0	0	0.083	0.292	0	0.203	0.437
MED13	CREBBP	9606.ENSP00000380888	9606.ENSP00000262367	0	0	0	0	0.194	0	0.500	0.159	0.631
MED13	SCAF8	9606.ENSP00000380888	9606.ENSP00000413098	0	0	0	0	0.451	0	0	0.087	0.477
MRPL1	SBDS	9606.ENSP00000315017	9606.ENSP00000246868	0	0	0	0	0.594	0	0	0.102	0.620
MRPL1	NOP58	9606.ENSP00000315017	9606.ENSP00000264279	0	0	0	0	0.446	0.125	0	0.053	0.500
MRPL1	TIMM44	9606.ENSP00000315017	9606.ENSP00000270538	0	0	0	0	0.245	0	0	0.375	0.508
MRPL1	TMEM126A	9606.ENSP00000315017	9606.ENSP00000306887	0	0	0	0	0.440	0	0	0	0.440
MRPL1	ISG15	9606.ENSP00000315017	9606.ENSP00000496832	0	0	0	0	0.122	0.302	0	0.101	0.401
MRPL1	ATP6V0B	9606.ENSP00000315017	9606.ENSP00000434729	0	0	0	0	0.358	0	0	0.173	0.446
MRPL1	KDM6A	9606.ENSP00000315017	9606.ENSP00000367203	0	0	0	0	0.387	0	0	0.202	0.489
MRPL1	RPF2	9606.ENSP00000315017	9606.ENSP00000402338	0	0	0	0	0.436	0.150	0	0.065	0.512
MRPL1	POLR1C	9606.ENSP00000315017	9606.ENSP00000496044	0.085	0	0	0	0.669	0.126	0	0.240	0.772
NFKBIB	RELB	9606.ENSP00000312988	9606.ENSP00000221452	0	0	0	0	0.132	0.497	0	0.986	0.993
NFKBIB	CREBBP	9606.ENSP00000312988	9606.ENSP00000262367	0	0	0	0	0	0	0	0.470	0.470
NFKBIB	FOS	9606.ENSP00000312988	9606.ENSP00000306245	0	0	0	0	0	0.053	0	0.561	0.567
NFKBIB	JUN	9606.ENSP00000312988	9606.ENSP00000360266	0	0	0	0	0.051	0	0	0.634	0.637
NOP16	NOP58	9606.ENSP00000483001	9606.ENSP00000264279	0	0	0	0	0.287	0	0	0.233	0.430
NOP16	TIMM44	9606.ENSP00000483001	9606.ENSP00000270538	0	0	0	0	0.115	0	0	0.360	0.409
NOP58	DDX39A	9606.ENSP00000264279	9606.ENSP00000242776	0.057	0	0	0	0.284	0.313	0	0.169	0.563
NOP58	UTP20	9606.ENSP00000264279	9606.ENSP00000261637	0	0	0	0	0.623	0.993	0.540	0.600	0.999
NOP58	PNO1	9606.ENSP00000264279	9606.ENSP00000263657	0	0	0	0	0.444	0.952	0	0.237	0.978
NOP58	PRPF3	9606.ENSP00000264279	9606.ENSP00000315379	0	0	0	0	0.083	0.205	0	0.258	0.412
NOP58	NOP16	9606.ENSP00000264279	9606.ENSP00000483001	0	0	0	0	0.287	0	0	0.233	0.430
NOP58	AEN	9606.ENSP00000264279	9606.ENSP00000331944	0	0	0	0	0.211	0.269	0	0.102	0.437
NOP58	DOHH	9606.ENSP00000264279	9606.ENSP00000398882	0	0	0	0	0.329	0	0	0.248	0.474
NOP58	MRPL1	9606.ENSP00000264279	9606.ENSP00000315017	0	0	0	0	0.446	0.125	0	0.053	0.500
NOP58	PAK1IP1	9606.ENSP00000264279	9606.ENSP00000368887	0	0	0	0	0.511	0	0	0.095	0.538
NOP58	SRFBP1	9606.ENSP00000264279	9606.ENSP00000341324	0.061	0	0	0	0.241	0.297	0	0.237	0.567
NOP58	TEX10	9606.ENSP00000264279	9606.ENSP00000364037	0	0	0	0	0.200	0	0.500	0	0.582
NOP58	PINX1	9606.ENSP00000264279	9606.ENSP00000318966	0	0	0	0	0.381	0.412	0	0.050	0.624
NOP58	TFB2M	9606.ENSP00000264279	9606.ENSP00000355471	0.061	0	0	0	0.430	0.314	0	0.115	0.631
NOP58	DNAJC2	9606.ENSP00000264279	9606.ENSP00000368565	0	0	0	0	0.654	0	0	0.119	0.682
NOP58	POLR1C	9606.ENSP00000264279	9606.ENSP00000496044	0	0	0	0	0.591	0.288	0	0.232	0.757
NOP58	DDX21	9606.ENSP00000264279	9606.ENSP00000346120	0.057	0	0	0	0.549	0.492	0	0.498	0.877
NOP58	RPF2	9606.ENSP00000264279	9606.ENSP00000402338	0	0	0	0	0.903	0.154	0	0.444	0.950
NOP58	NUFIP1	9606.ENSP00000264279	9606.ENSP00000368459	0	0	0	0	0.122	0.727	0.720	0.734	0.979
NOP58	RRP12	9606.ENSP00000264279	9606.ENSP00000446184	0	0	0	0	0.697	0.963	0	0.412	0.992
NOP58	UTP14A	9606.ENSP00000264279	9606.ENSP00000377944	0	0	0	0	0.569	0.986	0.540	0.563	0.998
NOP58	UTP4	9606.ENSP00000264279	9606.ENSP00000327179	0	0	0	0	0.727	0.991	0.540	0.743	0.999
NUFIP1	NOP58	9606.ENSP00000368459	9606.ENSP00000264279	0	0	0	0	0.122	0.727	0.720	0.734	0.979
NUFIP1	NXF1	9606.ENSP00000368459	9606.ENSP00000436679	0	0	0	0	0	0.071	0	0.420	0.438
NUSAP1	G2E3	9606.ENSP00000499238	9606.ENSP00000206595	0	0	0	0	0.243	0	0	0.302	0.449
NUSAP1	PCLAF	9606.ENSP00000499238	9606.ENSP00000300035	0	0	0	0	0.801	0	0	0.588	0.914
NUSAP1	PLK1	9606.ENSP00000499238	9606.ENSP00000300093	0	0	0	0	0.502	0	0	0.637	0.811
NUSAP1	TYMS	9606.ENSP00000499238	9606.ENSP00000315644	0	0	0	0	0.780	0	0	0.586	0.905
NUSAP1	CDCA2	9606.ENSP00000499238	9606.ENSP00000328228	0	0	0	0	0.521	0	0	0.359	0.680
NUSAP1	RRM2	9606.ENSP00000499238	9606.ENSP00000353770	0	0	0	0	0.815	0	0	0.747	0.951
NUSAP1	DTL	9606.ENSP00000499238	9606.ENSP00000355958	0	0	0	0	0.779	0	0	0.281	0.834
NUSAP1	ZWINT	9606.ENSP00000499238	9606.ENSP00000363055	0	0	0	0	0.778	0	0	0.580	0.902
NUSAP1	DIAPH3	9606.ENSP00000499238	9606.ENSP00000383178	0	0	0	0	0.435	0	0	0.085	0.461
NXF1	DDX39A	9606.ENSP00000436679	9606.ENSP00000242776	0	0	0	0	0.209	0.114	0.400	0.639	0.828
NXF1	PCF11	9606.ENSP00000436679	9606.ENSP00000298281	0	0	0	0	0.124	0.210	0	0.635	0.726
NXF1	DDX21	9606.ENSP00000436679	9606.ENSP00000346120	0	0	0	0	0.121	0.098	0	0.415	0.496
NXF1	SRSF3	9606.ENSP00000436679	9606.ENSP00000362820	0	0	0	0	0.127	0.292	0.650	0.989	0.997
NXF1	NUFIP1	9606.ENSP00000436679	9606.ENSP00000368459	0	0	0	0	0	0.071	0	0.420	0.438
NXF1	CLK1	9606.ENSP00000436679	9606.ENSP00000394734	0	0	0	0	0.212	0	0	0.284	0.412
NXF1	TRA2B	9606.ENSP00000436679	9606.ENSP00000416959	0	0	0	0	0.133	0.186	0	0.389	0.531
NXF1	SRRT	9606.ENSP00000436679	9606.ENSP00000480421	0	0	0	0	0.291	0	0	0.263	0.455
NXF1	RRP12	9606.ENSP00000436679	9606.ENSP00000446184	0	0	0	0	0.109	0.184	0	0.430	0.549
PAK1IP1	SBDS	9606.ENSP00000368887	9606.ENSP00000246868	0	0	0	0	0.260	0	0	0.258	0.428
PAK1IP1	UTP20	9606.ENSP00000368887	9606.ENSP00000261637	0	0	0	0	0.409	0	0	0.069	0.426
PAK1IP1	PNO1	9606.ENSP00000368887	9606.ENSP00000263657	0	0	0	0	0.351	0	0	0.220	0.472
PAK1IP1	NOP58	9606.ENSP00000368887	9606.ENSP00000264279	0	0	0	0	0.511	0	0	0.095	0.538
PAK1IP1	UTP4	9606.ENSP00000368887	9606.ENSP00000327179	0	0	0	0	0.827	0	0	0	0.827
PAK1IP1	SRFBP1	9606.ENSP00000368887	9606.ENSP00000341324	0	0	0	0	0.419	0	0	0	0.419
PAK1IP1	TFB2M	9606.ENSP00000368887	9606.ENSP00000355471	0	0	0	0	0.550	0	0	0	0.550
PAK1IP1	RRP12	9606.ENSP00000368887	9606.ENSP00000446184	0	0	0	0	0.435	0	0	0.151	0.499
PAK1IP1	UTP14A	9606.ENSP00000368887	9606.ENSP00000377944	0	0	0	0	0.434	0.100	0	0.160	0.535
PAK1IP1	POLR1C	9606.ENSP00000368887	9606.ENSP00000496044	0	0	0	0	0.540	0	0	0.156	0.595
PAK1IP1	RPF2	9606.ENSP00000368887	9606.ENSP00000402338	0	0	0	0	0.887	0.154	0	0.740	0.973
PCF11	DDX39A	9606.ENSP00000298281	9606.ENSP00000242776	0	0	0	0	0.083	0.094	0.500	0.469	0.750
PCF11	ZNF143	9606.ENSP00000298281	9606.ENSP00000379847	0	0	0	0	0.208	0	0.400	0.047	0.507
PCF11	SRRT	9606.ENSP00000298281	9606.ENSP00000480421	0	0	0	0	0.126	0	0.400	0.356	0.632
PCF11	SRSF3	9606.ENSP00000298281	9606.ENSP00000362820	0	0	0	0	0.113	0	0.500	0.244	0.635
PCF11	INTS6	9606.ENSP00000298281	9606.ENSP00000310260	0	0	0	0	0.277	0	0.400	0.256	0.649
PCF11	NXF1	9606.ENSP00000298281	9606.ENSP00000436679	0	0	0	0	0.124	0.210	0	0.635	0.726
PCF11	SCAF8	9606.ENSP00000298281	9606.ENSP00000413098	0	0	0	0	0.502	0.171	0.540	0.834	0.964
PCLAF	CDCA2	9606.ENSP00000300035	9606.ENSP00000328228	0	0	0	0	0.362	0	0	0.137	0.425
PCLAF	PLK1	9606.ENSP00000300035	9606.ENSP00000300093	0	0	0	0	0.258	0	0	0.271	0.436
PCLAF	ISG15	9606.ENSP00000300035	9606.ENSP00000496832	0	0	0	0	0.068	0	0.500	0.152	0.570
PCLAF	DTL	9606.ENSP00000300035	9606.ENSP00000355958	0	0	0	0	0.734	0	0	0.256	0.794
PCLAF	TYMS	9606.ENSP00000300035	9606.ENSP00000315644	0	0	0	0	0.793	0	0	0.349	0.859
PCLAF	RRM2	9606.ENSP00000300035	9606.ENSP00000353770	0	0	0	0	0.814	0	0	0.519	0.907
PCLAF	ZWINT	9606.ENSP00000300035	9606.ENSP00000363055	0	0	0	0	0.785	0	0	0.615	0.913
PCLAF	NUSAP1	9606.ENSP00000300035	9606.ENSP00000499238	0	0	0	0	0.801	0	0	0.588	0.914
PINX1	NOP58	9606.ENSP00000318966	9606.ENSP00000264279	0	0	0	0	0.381	0.412	0	0.050	0.624
PINX1	UTP14A	9606.ENSP00000318966	9606.ENSP00000377944	0	0	0	0	0.435	0	0	0	0.435
PINX1	RPF2	9606.ENSP00000318966	9606.ENSP00000402338	0	0	0	0	0.572	0	0	0.091	0.594
PLK1	HAUS2	9606.ENSP00000300093	9606.ENSP00000260372	0	0	0	0	0.074	0	0.500	0	0.517
PLK1	PCLAF	9606.ENSP00000300093	9606.ENSP00000300035	0	0	0	0	0.258	0	0	0.271	0.436
PLK1	DTL	9606.ENSP00000300093	9606.ENSP00000355958	0	0	0	0	0.269	0	0	0.213	0.400
PLK1	JUN	9606.ENSP00000300093	9606.ENSP00000360266	0	0	0	0	0	0.131	0	0.371	0.430
PLK1	MAD2L1BP	9606.ENSP00000300093	9606.ENSP00000410818	0	0	0	0	0.083	0.292	0	0.203	0.437
PLK1	TYMS	9606.ENSP00000300093	9606.ENSP00000315644	0	0	0	0	0.253	0	0	0.325	0.474
PLK1	H2AC6	9606.ENSP00000300093	9606.ENSP00000367022	0	0	0	0	0.060	0	0.500	0.091	0.535
PLK1	H2BC11	9606.ENSP00000300093	9606.ENSP00000476136	0	0	0	0	0.093	0	0.500	0.372	0.690
PLK1	H2BC21	9606.ENSP00000300093	9606.ENSP00000358151	0	0	0	0	0.074	0	0.500	0.448	0.722
PLK1	CDCA2	9606.ENSP00000300093	9606.ENSP00000328228	0	0	0	0	0.558	0	0	0.399	0.723
PLK1	STAG1	9606.ENSP00000300093	9606.ENSP00000372689	0	0	0	0	0.116	0.236	0.500	0.377	0.761
PLK1	NUSAP1	9606.ENSP00000300093	9606.ENSP00000499238	0	0	0	0	0.502	0	0	0.637	0.811
PLK1	PPP2R2A	9606.ENSP00000300093	9606.ENSP00000325074	0	0	0	0	0.049	0.515	0	0.631	0.815
PLK1	RRM2	9606.ENSP00000300093	9606.ENSP00000353770	0	0	0	0	0.478	0.329	0	0.667	0.873
PLK1	DYNLL1	9606.ENSP00000300093	9606.ENSP00000376297	0	0	0	0	0.049	0	0.800	0.492	0.894
PLK1	ZWINT	9606.ENSP00000300093	9606.ENSP00000363055	0	0	0	0	0.302	0	0.800	0.544	0.930
PNO1	UTP20	9606.ENSP00000263657	9606.ENSP00000261637	0	0	0	0	0.156	0.924	0	0.716	0.980
PNO1	TEX10	9606.ENSP00000263657	9606.ENSP00000364037	0	0	0	0	0.371	0	0	0.111	0.417
PNO1	PAK1IP1	9606.ENSP00000263657	9606.ENSP00000368887	0	0	0	0	0.351	0	0	0.220	0.472
PNO1	TXNL4B	9606.ENSP00000263657	9606.ENSP00000268483	0	0	0	0	0.049	0	0	0.480	0.484
PNO1	POLR1C	9606.ENSP00000263657	9606.ENSP00000496044	0	0	0	0	0.483	0	0	0.046	0.485
PNO1	SRFBP1	9606.ENSP00000263657	9606.ENSP00000341324	0	0	0	0	0.281	0.298	0	0.069	0.489
PNO1	TFB2M	9606.ENSP00000263657	9606.ENSP00000355471	0	0	0	0	0.443	0.313	0	0	0.601
PNO1	DDX21	9606.ENSP00000263657	9606.ENSP00000346120	0	0	0	0	0.518	0.201	0	0.087	0.618
PNO1	RPF2	9606.ENSP00000263657	9606.ENSP00000402338	0	0	0	0	0.673	0.092	0	0.517	0.844
PNO1	UTP4	9606.ENSP00000263657	9606.ENSP00000327179	0	0	0	0	0.414	0.951	0	0.122	0.972
PNO1	RRP12	9606.ENSP00000263657	9606.ENSP00000446184	0	0	0	0	0.273	0.810	0	0.821	0.973
PNO1	NOP58	9606.ENSP00000263657	9606.ENSP00000264279	0	0	0	0	0.444	0.952	0	0.237	0.978
PNO1	UTP14A	9606.ENSP00000263657	9606.ENSP00000377944	0	0	0	0	0.338	0.982	0	0.703	0.996
POLR1C	PNO1	9606.ENSP00000496044	9606.ENSP00000263657	0	0	0	0	0.483	0	0	0.046	0.485
POLR1C	NOP58	9606.ENSP00000496044	9606.ENSP00000264279	0	0	0	0	0.591	0.288	0	0.232	0.757
POLR1C	GTF2H1	9606.ENSP00000496044	9606.ENSP00000265963	0	0	0	0	0.054	0.502	0.500	0.051	0.746
POLR1C	MRPL1	9606.ENSP00000496044	9606.ENSP00000315017	0.085	0	0	0	0.669	0.126	0	0.240	0.772
POLR1C	TRIT1	9606.ENSP00000496044	9606.ENSP00000321810	0	0	0	0	0.140	0	0	0.374	0.439
POLR1C	UTP4	9606.ENSP00000496044	9606.ENSP00000327179	0	0	0	0	0.716	0	0	0.101	0.734
POLR1C	TAF1A	9606.ENSP00000496044	9606.ENSP00000339976	0	0	0	0	0.068	0	0.500	0.370	0.680
POLR1C	DDX21	9606.ENSP00000496044	9606.ENSP00000346120	0	0	0	0	0.291	0.093	0.500	0.170	0.697
POLR1C	TFB2M	9606.ENSP00000496044	9606.ENSP00000355471	0	0	0	0	0.446	0.070	0	0.207	0.555
POLR1C	H2BC21	9606.ENSP00000496044	9606.ENSP00000358151	0	0	0	0	0	0.271	0.400	0.170	0.605
POLR1C	H2AC6	9606.ENSP00000496044	9606.ENSP00000367022	0	0	0	0	0.047	0.273	0.400	0.066	0.559
POLR1C	KDM6A	9606.ENSP00000496044	9606.ENSP00000367203	0.042	0	0	0	0.405	0.181	0	0.258	0.607
POLR1C	PAK1IP1	9606.ENSP00000496044	9606.ENSP00000368887	0	0	0	0	0.540	0	0	0.156	0.595
POLR1C	ZNF143	9606.ENSP00000496044	9606.ENSP00000379847	0	0	0	0	0.054	0.053	0.500	0.059	0.522
POLR1C	RPF2	9606.ENSP00000496044	9606.ENSP00000402338	0	0	0	0	0.879	0.091	0	0.152	0.898
POLR1C	ATP6V0B	9606.ENSP00000496044	9606.ENSP00000434729	0.069	0	0	0	0.378	0	0	0.185	0.487
POLR1C	RRP12	9606.ENSP00000496044	9606.ENSP00000446184	0	0	0	0	0.637	0	0	0	0.637
POLR1C	H2BC11	9606.ENSP00000496044	9606.ENSP00000476136	0	0	0	0	0	0.271	0.400	0.080	0.562
PPM1D	BRAF	9606.ENSP00000306682	9606.ENSP00000419060	0	0	0	0	0.044	0.107	0	0.383	0.427
PPP2R2A	PLK1	9606.ENSP00000325074	9606.ENSP00000300093	0	0	0	0	0.049	0.515	0	0.631	0.815
PPP2R2A	BRAF	9606.ENSP00000325074	9606.ENSP00000419060	0	0	0	0	0.081	0.303	0	0.219	0.457
PPRC1	GABPB1	9606.ENSP00000278070	9606.ENSP00000220429	0	0	0	0	0.074	0	0.500	0.202	0.598
PPRC1	TEX10	9606.ENSP00000278070	9606.ENSP00000364037	0	0	0	0	0.417	0	0	0	0.417
PPRC1	TFB2M	9606.ENSP00000278070	9606.ENSP00000355471	0	0	0	0	0.258	0	0.500	0.406	0.760
PPRC1	BUD31	9606.ENSP00000278070	9606.ENSP00000386023	0	0	0	0	0.115	0.783	0	0.166	0.826
PRPF3	NOP58	9606.ENSP00000315379	9606.ENSP00000264279	0	0	0	0	0.083	0.205	0	0.258	0.412
PRPF3	TXNL4B	9606.ENSP00000315379	9606.ENSP00000268483	0	0	0	0	0.054	0.781	0.540	0.091	0.901
PRPF3	USP15	9606.ENSP00000315379	9606.ENSP00000280377	0	0	0	0	0.095	0.420	0	0.572	0.755
PRPF3	BRD2	9606.ENSP00000315379	9606.ENSP00000378702	0	0	0	0	0.083	0.421	0	0.052	0.452
PSPC1	ZMYM5	9606.ENSP00000343966	9606.ENSP00000372361	0	0	0	0	0.149	0	0	0.363	0.434
PSPC1	SFPQ	9606.ENSP00000343966	9606.ENSP00000349748	0	0	0.053	0.941	0.084	0.982	0	0.982	0.999
RASSF1	BRAF	9606.ENSP00000349547	9606.ENSP00000419060	0	0	0	0	0	0.187	0	0.508	0.583
RASSF1	LATS1	9606.ENSP00000349547	9606.ENSP00000437550	0	0	0	0	0	0.292	0	0.777	0.835
RELB	ATF3	9606.ENSP00000221452	9606.ENSP00000344352	0	0	0	0	0.108	0.094	0	0.330	0.412
RELB	FOS	9606.ENSP00000221452	9606.ENSP00000306245	0	0	0	0	0.067	0.094	0	0.455	0.499
RELB	JUN	9606.ENSP00000221452	9606.ENSP00000360266	0	0	0	0	0.069	0.093	0	0.543	0.581
RELB	NFKBIB	9606.ENSP00000221452	9606.ENSP00000312988	0	0	0	0	0.132	0.497	0	0.986	0.993
RNASEK	ATP6V0B	9606.ENSP00000449500	9606.ENSP00000434729	0	0	0	0	0.199	0.988	0.720	0	0.997
RND1	DIAPH3	9606.ENSP00000308461	9606.ENSP00000383178	0	0	0	0	0.074	0.179	0	0.279	0.404
RPF2	SBDS	9606.ENSP00000402338	9606.ENSP00000246868	0	0	0	0	0.280	0	0	0.318	0.489
RPF2	UTP20	9606.ENSP00000402338	9606.ENSP00000261637	0	0	0	0	0.622	0	0	0.248	0.703
RPF2	PNO1	9606.ENSP00000402338	9606.ENSP00000263657	0	0	0	0	0.673	0.092	0	0.517	0.844
RPF2	NOP58	9606.ENSP00000402338	9606.ENSP00000264279	0	0	0	0	0.903	0.154	0	0.444	0.950
RPF2	MRPL1	9606.ENSP00000402338	9606.ENSP00000315017	0	0	0	0	0.436	0.150	0	0.065	0.512
RPF2	PINX1	9606.ENSP00000402338	9606.ENSP00000318966	0	0	0	0	0.572	0	0	0.091	0.594
RPF2	UTP4	9606.ENSP00000402338	9606.ENSP00000327179	0	0	0	0	0.882	0.095	0	0.219	0.909
RPF2	SRFBP1	9606.ENSP00000402338	9606.ENSP00000341324	0	0	0	0	0.626	0	0	0	0.626
RPF2	DDX21	9606.ENSP00000402338	9606.ENSP00000346120	0	0	0	0	0.498	0.277	0	0.141	0.661
RPF2	TFB2M	9606.ENSP00000402338	9606.ENSP00000355471	0	0	0	0	0.734	0	0	0	0.734
RPF2	TEX10	9606.ENSP00000402338	9606.ENSP00000364037	0	0	0	0	0.419	0.095	0	0.234	0.562
RPF2	DNAJC2	9606.ENSP00000402338	9606.ENSP00000368565	0	0	0	0	0.542	0	0	0.167	0.602
RPF2	PAK1IP1	9606.ENSP00000402338	9606.ENSP00000368887	0	0	0	0	0.887	0.154	0	0.740	0.973
RPF2	UTP14A	9606.ENSP00000402338	9606.ENSP00000377944	0	0	0	0	0.710	0.557	0	0.214	0.890
RPF2	DOHH	9606.ENSP00000402338	9606.ENSP00000398882	0	0	0	0	0.561	0	0	0.174	0.622
RPF2	POLR1C	9606.ENSP00000402338	9606.ENSP00000496044	0	0	0	0	0.879	0.091	0	0.152	0.898
RPF2	RRP12	9606.ENSP00000402338	9606.ENSP00000446184	0	0	0	0	0.835	0.095	0	0.409	0.904
RRAGC	FLCN	9606.ENSP00000362092	9606.ENSP00000285071	0	0	0	0	0.105	0.930	0.900	0.890	0.999
RRAGC	SGK1	9606.ENSP00000362092	9606.ENSP00000356832	0	0	0	0	0.064	0	0	0.390	0.405
RRAGC	ATP6V0B	9606.ENSP00000362092	9606.ENSP00000434729	0	0	0	0	0.083	0	0.500	0.051	0.526
RRAGC	AKT1S1	9606.ENSP00000362092	9606.ENSP00000375711	0	0	0	0	0.049	0.800	0.900	0.614	0.991
RRAGC	LAMTOR3	9606.ENSP00000362092	9606.ENSP00000424183	0	0	0	0	0.075	0.999	0.650	0.787	0.999
RRM2	PCLAF	9606.ENSP00000353770	9606.ENSP00000300035	0	0	0	0	0.814	0	0	0.519	0.907
RRM2	PLK1	9606.ENSP00000353770	9606.ENSP00000300093	0	0	0	0	0.478	0.329	0	0.667	0.873
RRM2	TYMS	9606.ENSP00000353770	9606.ENSP00000315644	0	0	0	0	0.844	0	0	0.628	0.939
RRM2	CDCA2	9606.ENSP00000353770	9606.ENSP00000328228	0	0	0	0	0.420	0	0	0.194	0.513
RRM2	DIAPH3	9606.ENSP00000353770	9606.ENSP00000383178	0	0	0	0	0.376	0	0	0.192	0.475
RRM2	DTL	9606.ENSP00000353770	9606.ENSP00000355958	0	0	0	0	0.816	0.079	0	0.348	0.880
RRM2	ZWINT	9606.ENSP00000353770	9606.ENSP00000363055	0	0	0	0	0.900	0	0	0.446	0.942
RRM2	NUSAP1	9606.ENSP00000353770	9606.ENSP00000499238	0	0	0	0	0.815	0	0	0.747	0.951
RRP12	UTP20	9606.ENSP00000446184	9606.ENSP00000261637	0	0	0	0	0.835	0.095	0	0.781	0.964
RRP12	PNO1	9606.ENSP00000446184	9606.ENSP00000263657	0	0	0	0	0.273	0.810	0	0.821	0.973
RRP12	NOP58	9606.ENSP00000446184	9606.ENSP00000264279	0	0	0	0	0.697	0.963	0	0.412	0.992
RRP12	TXNL4B	9606.ENSP00000446184	9606.ENSP00000268483	0	0	0	0	0.049	0	0	0.506	0.510
RRP12	UTP4	9606.ENSP00000446184	9606.ENSP00000327179	0	0	0	0	0.877	0.095	0	0.102	0.891
RRP12	SRFBP1	9606.ENSP00000446184	9606.ENSP00000341324	0	0	0	0	0.299	0.146	0	0.248	0.510
RRP12	DDX21	9606.ENSP00000446184	9606.ENSP00000346120	0	0	0	0	0.338	0.257	0	0.161	0.551
RRP12	TFB2M	9606.ENSP00000446184	9606.ENSP00000355471	0	0	0	0	0.392	0.146	0	0	0.459
RRP12	TEX10	9606.ENSP00000446184	9606.ENSP00000364037	0	0	0	0	0.157	0	0	0.395	0.468
RRP12	PAK1IP1	9606.ENSP00000446184	9606.ENSP00000368887	0	0	0	0	0.435	0	0	0.151	0.499
RRP12	UTP14A	9606.ENSP00000446184	9606.ENSP00000377944	0	0	0	0	0.745	0.813	0	0.583	0.978
RRP12	RPF2	9606.ENSP00000446184	9606.ENSP00000402338	0	0	0	0	0.835	0.095	0	0.409	0.904
RRP12	TRA2B	9606.ENSP00000446184	9606.ENSP00000416959	0	0	0	0	0.104	0	0	0.376	0.417
RRP12	NXF1	9606.ENSP00000446184	9606.ENSP00000436679	0	0	0	0	0.109	0.184	0	0.430	0.549
RRP12	POLR1C	9606.ENSP00000446184	9606.ENSP00000496044	0	0	0	0	0.637	0	0	0	0.637
SBDS	PAK1IP1	9606.ENSP00000246868	9606.ENSP00000368887	0	0	0	0	0.260	0	0	0.258	0.428
SBDS	TIMM44	9606.ENSP00000246868	9606.ENSP00000270538	0	0	0	0	0.049	0.424	0	0	0.428
SBDS	UTP4	9606.ENSP00000246868	9606.ENSP00000327179	0	0	0	0	0.126	0	0	0.415	0.467
SBDS	RPF2	9606.ENSP00000246868	9606.ENSP00000402338	0	0	0	0	0.280	0	0	0.318	0.489
SBDS	MRPL1	9606.ENSP00000246868	9606.ENSP00000315017	0	0	0	0	0.594	0	0	0.102	0.620
SCAF8	PCF11	9606.ENSP00000413098	9606.ENSP00000298281	0	0	0	0	0.502	0.171	0.540	0.834	0.964
SCAF8	ZBTB11	9606.ENSP00000413098	9606.ENSP00000326200	0	0	0	0	0.444	0.068	0	0	0.459
SCAF8	MED13	9606.ENSP00000413098	9606.ENSP00000380888	0	0	0	0	0.451	0	0	0.087	0.477
SCAF8	SRRT	9606.ENSP00000413098	9606.ENSP00000480421	0	0	0	0	0.304	0	0	0.179	0.404
SCAF8	INO80	9606.ENSP00000413098	9606.ENSP00000497609	0	0	0	0	0.512	0.089	0	0	0.536
SERTAD1	GADD45B	9606.ENSP00000350633	9606.ENSP00000215631	0	0	0	0	0.461	0	0	0.174	0.536
SERTAD1	CREBBP	9606.ENSP00000350633	9606.ENSP00000262367	0	0	0	0	0	0.295	0	0.302	0.487
SFPQ	TRA2A	9606.ENSP00000349748	9606.ENSP00000297071	0	0	0	0	0.193	0.071	0	0.312	0.440
SFPQ	PSPC1	9606.ENSP00000349748	9606.ENSP00000343966	0	0	0.053	0.941	0.084	0.982	0	0.982	0.999
SFPQ	DDX21	9606.ENSP00000349748	9606.ENSP00000346120	0	0	0	0	0.215	0.205	0	0.467	0.638
SFPQ	JUN	9606.ENSP00000349748	9606.ENSP00000360266	0	0	0	0	0.044	0.131	0	0.433	0.487
SFPQ	SRRT	9606.ENSP00000349748	9606.ENSP00000480421	0	0	0	0	0.645	0	0	0.138	0.681
SFPQ	TRA2B	9606.ENSP00000349748	9606.ENSP00000416959	0	0	0	0	0.773	0.074	0	0.324	0.845
SFPQ	SRSF3	9606.ENSP00000349748	9606.ENSP00000362820	0	0	0	0	0.737	0.205	0	0.479	0.881
SGK1	FOS	9606.ENSP00000356832	9606.ENSP00000306245	0	0	0	0	0.221	0.071	0	0.435	0.555
SGK1	RRAGC	9606.ENSP00000356832	9606.ENSP00000362092	0	0	0	0	0.064	0	0	0.390	0.405
SGK1	JUN	9606.ENSP00000356832	9606.ENSP00000360266	0	0	0	0	0.138	0	0	0.426	0.484
SGK1	AKT1S1	9606.ENSP00000356832	9606.ENSP00000375711	0	0	0	0	0.083	0.314	0	0.666	0.772
SKIL	JUN	9606.ENSP00000415243	9606.ENSP00000360266	0	0	0	0	0.049	0	0	0.467	0.471
SLC7A11	CREBBP	9606.ENSP00000280612	9606.ENSP00000262367	0	0	0	0	0	0	0.500	0.100	0.531
SRFBP1	UTP20	9606.ENSP00000341324	9606.ENSP00000261637	0	0	0	0	0.270	0.297	0.540	0.246	0.798
SRFBP1	PNO1	9606.ENSP00000341324	9606.ENSP00000263657	0	0	0	0	0.281	0.298	0	0.069	0.489
SRFBP1	NOP58	9606.ENSP00000341324	9606.ENSP00000264279	0.061	0	0	0	0.241	0.297	0	0.237	0.567
SRFBP1	TYMS	9606.ENSP00000341324	9606.ENSP00000315644	0.053	0	0	0	0.308	0	0	0.186	0.420
SRFBP1	UTP4	9606.ENSP00000341324	9606.ENSP00000327179	0	0	0	0	0.365	0.388	0.540	0.131	0.824
SRFBP1	PAK1IP1	9606.ENSP00000341324	9606.ENSP00000368887	0	0	0	0	0.419	0	0	0	0.419
SRFBP1	RRP12	9606.ENSP00000341324	9606.ENSP00000446184	0	0	0	0	0.299	0.146	0	0.248	0.510
SRFBP1	UTP14A	9606.ENSP00000341324	9606.ENSP00000377944	0	0	0	0	0.356	0.301	0	0.212	0.614
SRFBP1	RPF2	9606.ENSP00000341324	9606.ENSP00000402338	0	0	0	0	0.626	0	0	0	0.626
SRRT	DDX39A	9606.ENSP00000480421	9606.ENSP00000242776	0	0	0	0	0.467	0	0	0.315	0.619
SRRT	TRA2A	9606.ENSP00000480421	9606.ENSP00000297071	0	0	0	0	0.205	0.317	0	0.147	0.497
SRRT	PCF11	9606.ENSP00000480421	9606.ENSP00000298281	0	0	0	0	0.126	0	0.400	0.356	0.632
SRRT	SFPQ	9606.ENSP00000480421	9606.ENSP00000349748	0	0	0	0	0.645	0	0	0.138	0.681
SRRT	SRSF3	9606.ENSP00000480421	9606.ENSP00000362820	0	0	0	0	0.634	0	0	0.139	0.671
SRRT	SCAF8	9606.ENSP00000480421	9606.ENSP00000413098	0	0	0	0	0.304	0	0	0.179	0.404
SRRT	TRA2B	9606.ENSP00000480421	9606.ENSP00000416959	0	0	0	0	0.532	0	0	0.094	0.558
SRRT	NXF1	9606.ENSP00000480421	9606.ENSP00000436679	0	0	0	0	0.291	0	0	0.263	0.455
SRSF3	ALKBH1	9606.ENSP00000362820	9606.ENSP00000216489	0	0	0	0	0.050	0	0	0.398	0.403
SRSF3	DDX39A	9606.ENSP00000362820	9606.ENSP00000242776	0	0	0	0	0.304	0	0	0.351	0.529
SRSF3	CCNL1	9606.ENSP00000362820	9606.ENSP00000295926	0	0	0	0	0.137	0.292	0	0.173	0.450
SRSF3	TRA2A	9606.ENSP00000362820	9606.ENSP00000297071	0	0	0	0	0.423	0.532	0	0.645	0.896
SRSF3	PCF11	9606.ENSP00000362820	9606.ENSP00000298281	0	0	0	0	0.113	0	0.500	0.244	0.635
SRSF3	CLK4	9606.ENSP00000362820	9606.ENSP00000316948	0	0	0	0	0.067	0.095	0	0.399	0.449
SRSF3	SFPQ	9606.ENSP00000362820	9606.ENSP00000349748	0	0	0	0	0.737	0.205	0	0.479	0.881
SRSF3	BUD31	9606.ENSP00000362820	9606.ENSP00000386023	0	0	0	0	0.091	0.228	0	0.293	0.460
SRSF3	SRRT	9606.ENSP00000362820	9606.ENSP00000480421	0	0	0	0	0.634	0	0	0.139	0.671
SRSF3	CLK1	9606.ENSP00000362820	9606.ENSP00000394734	0	0	0	0	0.082	0.540	0	0.474	0.758
SRSF3	NXF1	9606.ENSP00000362820	9606.ENSP00000436679	0	0	0	0	0.127	0.292	0.650	0.989	0.997
SRSF3	TRA2B	9606.ENSP00000362820	9606.ENSP00000416959	0	0	0	0	0.822	0.848	0.400	0.921	0.998
STAG1	PLK1	9606.ENSP00000372689	9606.ENSP00000300093	0	0	0	0	0.116	0.236	0.500	0.377	0.761
STAG1	ZBTB11	9606.ENSP00000372689	9606.ENSP00000326200	0	0	0	0	0.448	0.127	0	0	0.497
STAG1	H2BC21	9606.ENSP00000372689	9606.ENSP00000358151	0	0	0	0	0	0.098	0.500	0.259	0.636
STAG1	H2AC6	9606.ENSP00000372689	9606.ENSP00000367022	0	0	0	0	0.057	0.077	0.500	0.048	0.530
STAG1	H2BC11	9606.ENSP00000372689	9606.ENSP00000476136	0	0	0	0	0	0.098	0.500	0.125	0.570
TAF1A	GTF2H1	9606.ENSP00000339976	9606.ENSP00000265963	0	0	0	0	0.062	0	0.500	0	0.510
TAF1A	H2AC6	9606.ENSP00000339976	9606.ENSP00000367022	0	0	0	0	0	0	0.400	0	0.400
TAF1A	H2BC11	9606.ENSP00000339976	9606.ENSP00000476136	0	0	0	0	0.044	0	0.400	0	0.401
TAF1A	H2BC21	9606.ENSP00000339976	9606.ENSP00000358151	0	0	0	0	0	0.292	0.400	0.063	0.567
TAF1A	DDX21	9606.ENSP00000339976	9606.ENSP00000346120	0	0	0	0	0.078	0.192	0.500	0.063	0.604
TAF1A	POLR1C	9606.ENSP00000339976	9606.ENSP00000496044	0	0	0	0	0.068	0	0.500	0.370	0.680
TCF7L2	ID2	9606.ENSP00000486891	9606.ENSP00000234091	0	0	0	0	0.048	0	0	0.522	0.525
TCF7L2	CREBBP	9606.ENSP00000486891	9606.ENSP00000262367	0	0	0	0	0.062	0.125	0.900	0.643	0.966
TCF7L2	FOS	9606.ENSP00000486891	9606.ENSP00000306245	0	0	0	0	0.047	0.099	0	0.586	0.614
TCF7L2	H2BC21	9606.ENSP00000486891	9606.ENSP00000358151	0	0	0	0	0	0	0.500	0.125	0.543
TCF7L2	JUN	9606.ENSP00000486891	9606.ENSP00000360266	0	0	0	0	0.044	0	0	0.692	0.693
TCF7L2	H2AC6	9606.ENSP00000486891	9606.ENSP00000367022	0	0	0	0	0	0	0.500	0.100	0.530
TCF7L2	H2BC11	9606.ENSP00000486891	9606.ENSP00000476136	0	0	0	0	0	0	0.500	0	0.499
TEX10	HCFC2	9606.ENSP00000364037	9606.ENSP00000229330	0	0	0	0	0	0	0.540	0.080	0.558
TEX10	UTP20	9606.ENSP00000364037	9606.ENSP00000261637	0	0	0	0	0.231	0	0.500	0.222	0.674
TEX10	PNO1	9606.ENSP00000364037	9606.ENSP00000263657	0	0	0	0	0.371	0	0	0.111	0.417
TEX10	NOP58	9606.ENSP00000364037	9606.ENSP00000264279	0	0	0	0	0.200	0	0.500	0	0.582
TEX10	PPRC1	9606.ENSP00000364037	9606.ENSP00000278070	0	0	0	0	0.417	0	0	0	0.417
TEX10	UTP4	9606.ENSP00000364037	9606.ENSP00000327179	0	0	0	0	0.344	0	0.500	0.202	0.715
TEX10	DDX21	9606.ENSP00000364037	9606.ENSP00000346120	0	0	0	0	0.182	0.066	0.400	0.284	0.628
TEX10	TFB2M	9606.ENSP00000364037	9606.ENSP00000355471	0	0	0	0	0.392	0	0	0.129	0.448
TEX10	RRP12	9606.ENSP00000364037	9606.ENSP00000446184	0	0	0	0	0.157	0	0	0.395	0.468
TEX10	RPF2	9606.ENSP00000364037	9606.ENSP00000402338	0	0	0	0	0.419	0.095	0	0.234	0.562
TEX10	UTP14A	9606.ENSP00000364037	9606.ENSP00000377944	0	0	0	0	0.228	0	0.500	0.163	0.648
TFB2M	GABPB1	9606.ENSP00000355471	9606.ENSP00000220429	0	0	0	0	0.090	0	0.500	0.698	0.850
TFB2M	UTP20	9606.ENSP00000355471	9606.ENSP00000261637	0	0	0	0	0.337	0.314	0	0	0.525
TFB2M	PNO1	9606.ENSP00000355471	9606.ENSP00000263657	0	0	0	0	0.443	0.313	0	0	0.601
TFB2M	NOP58	9606.ENSP00000355471	9606.ENSP00000264279	0.061	0	0	0	0.430	0.314	0	0.115	0.631
TFB2M	GTF2H1	9606.ENSP00000355471	9606.ENSP00000265963	0	0	0	0	0.104	0.105	0	0.370	0.451
TFB2M	PPRC1	9606.ENSP00000355471	9606.ENSP00000278070	0	0	0	0	0.258	0	0.500	0.406	0.760
TFB2M	TYMS	9606.ENSP00000355471	9606.ENSP00000315644	0.053	0	0	0	0.347	0	0	0.186	0.452
TFB2M	TRIT1	9606.ENSP00000355471	9606.ENSP00000321810	0.070	0	0	0	0.185	0	0	0.392	0.499
TFB2M	UTP4	9606.ENSP00000355471	9606.ENSP00000327179	0	0	0	0	0.413	0.314	0	0	0.580
TFB2M	DOHH	9606.ENSP00000355471	9606.ENSP00000398882	0.049	0	0	0	0.396	0	0	0	0.401
TFB2M	TEX10	9606.ENSP00000355471	9606.ENSP00000364037	0	0	0	0	0.392	0	0	0.129	0.448
TFB2M	RRP12	9606.ENSP00000355471	9606.ENSP00000446184	0	0	0	0	0.392	0.146	0	0	0.459
TFB2M	PAK1IP1	9606.ENSP00000355471	9606.ENSP00000368887	0	0	0	0	0.550	0	0	0	0.550
TFB2M	POLR1C	9606.ENSP00000355471	9606.ENSP00000496044	0	0	0	0	0.446	0.070	0	0.207	0.555
TFB2M	UTP14A	9606.ENSP00000355471	9606.ENSP00000377944	0	0	0	0	0.412	0.301	0	0	0.571
TFB2M	RPF2	9606.ENSP00000355471	9606.ENSP00000402338	0	0	0	0	0.734	0	0	0	0.734
THAP1	ZNF143	9606.ENSP00000254250	9606.ENSP00000379847	0	0	0	0	0.532	0	0	0.203	0.611
TIMM44	SBDS	9606.ENSP00000270538	9606.ENSP00000246868	0	0	0	0	0.049	0.424	0	0	0.428
TIMM44	NOP16	9606.ENSP00000270538	9606.ENSP00000483001	0	0	0	0	0.115	0	0	0.360	0.409
TIMM44	MRPL1	9606.ENSP00000270538	9606.ENSP00000315017	0	0	0	0	0.245	0	0	0.375	0.508
TMEM126A	MRPL1	9606.ENSP00000306887	9606.ENSP00000315017	0	0	0	0	0.440	0	0	0	0.440
TMEM222	ABHD16A	9606.ENSP00000483276	9606.ENSP00000379282	0	0	0	0	0.044	0.421	0	0	0.422
TRA2A	CLK4	9606.ENSP00000297071	9606.ENSP00000316948	0	0	0	0	0.144	0.099	0	0.298	0.412
TRA2A	SFPQ	9606.ENSP00000297071	9606.ENSP00000349748	0	0	0	0	0.193	0.071	0	0.312	0.440
TRA2A	SRRT	9606.ENSP00000297071	9606.ENSP00000480421	0	0	0	0	0.205	0.317	0	0.147	0.497
TRA2A	BUD31	9606.ENSP00000297071	9606.ENSP00000386023	0	0	0	0	0.099	0.417	0	0.176	0.530
TRA2A	CLK1	9606.ENSP00000297071	9606.ENSP00000394734	0	0	0	0	0.192	0.712	0	0.207	0.799
TRA2A	TRA2B	9606.ENSP00000297071	9606.ENSP00000416959	0	0	0.062	0.957	0.309	0.818	0	0.078	0.876
TRA2A	SRSF3	9606.ENSP00000297071	9606.ENSP00000362820	0	0	0	0	0.423	0.532	0	0.645	0.896
TRA2B	DDX39A	9606.ENSP00000416959	9606.ENSP00000242776	0	0	0	0	0.268	0.113	0	0.168	0.413
TRA2B	TRA2A	9606.ENSP00000416959	9606.ENSP00000297071	0	0	0.062	0.957	0.309	0.818	0	0.078	0.876
TRA2B	SFPQ	9606.ENSP00000416959	9606.ENSP00000349748	0	0	0	0	0.773	0.074	0	0.324	0.845
TRA2B	SRSF3	9606.ENSP00000416959	9606.ENSP00000362820	0	0	0	0	0.822	0.848	0.400	0.921	0.998
TRA2B	BUD31	9606.ENSP00000416959	9606.ENSP00000386023	0	0	0	0	0.091	0.279	0	0.275	0.483
TRA2B	CLK1	9606.ENSP00000416959	9606.ENSP00000394734	0	0	0	0	0.147	0.213	0	0.336	0.516
TRA2B	RRP12	9606.ENSP00000416959	9606.ENSP00000446184	0	0	0	0	0.104	0	0	0.376	0.417
TRA2B	NXF1	9606.ENSP00000416959	9606.ENSP00000436679	0	0	0	0	0.133	0.186	0	0.389	0.531
TRA2B	SRRT	9606.ENSP00000416959	9606.ENSP00000480421	0	0	0	0	0.532	0	0	0.094	0.558
TRIT1	ALKBH1	9606.ENSP00000321810	9606.ENSP00000216489	0	0	0	0	0.186	0	0	0.318	0.421
TRIT1	POLR1C	9606.ENSP00000321810	9606.ENSP00000496044	0	0	0	0	0.140	0	0	0.374	0.439
TRIT1	TFB2M	9606.ENSP00000321810	9606.ENSP00000355471	0.070	0	0	0	0.185	0	0	0.392	0.499
TRIT1	ALKBH8	9606.ENSP00000321810	9606.ENSP00000397673	0	0	0	0	0.246	0	0	0.469	0.582
TRMT13	CLK4	9606.ENSP00000359160	9606.ENSP00000316948	0	0	0	0	0.413	0	0	0	0.413
TXNL4B	PNO1	9606.ENSP00000268483	9606.ENSP00000263657	0	0	0	0	0.049	0	0	0.480	0.484
TXNL4B	RRP12	9606.ENSP00000268483	9606.ENSP00000446184	0	0	0	0	0.049	0	0	0.506	0.510
TXNL4B	PRPF3	9606.ENSP00000268483	9606.ENSP00000315379	0	0	0	0	0.054	0.781	0.540	0.091	0.901
TYMS	PCLAF	9606.ENSP00000315644	9606.ENSP00000300035	0	0	0	0	0.793	0	0	0.349	0.859
TYMS	PLK1	9606.ENSP00000315644	9606.ENSP00000300093	0	0	0	0	0.253	0	0	0.325	0.474
TYMS	SRFBP1	9606.ENSP00000315644	9606.ENSP00000341324	0.053	0	0	0	0.308	0	0	0.186	0.420
TYMS	ABCC2	9606.ENSP00000315644	9606.ENSP00000497274	0.054	0	0	0	0.108	0	0	0.385	0.436
TYMS	BRAF	9606.ENSP00000315644	9606.ENSP00000419060	0	0	0	0	0	0	0	0.445	0.445
TYMS	TFB2M	9606.ENSP00000315644	9606.ENSP00000355471	0.053	0	0	0	0.347	0	0	0.186	0.452
TYMS	CDCA2	9606.ENSP00000315644	9606.ENSP00000328228	0	0	0	0	0.337	0	0	0.222	0.463
TYMS	DTL	9606.ENSP00000315644	9606.ENSP00000355958	0	0	0	0	0.594	0	0	0.321	0.713
TYMS	ZWINT	9606.ENSP00000315644	9606.ENSP00000363055	0	0	0	0	0.765	0	0	0.370	0.845
TYMS	NUSAP1	9606.ENSP00000315644	9606.ENSP00000499238	0	0	0	0	0.780	0	0	0.586	0.905
TYMS	RRM2	9606.ENSP00000315644	9606.ENSP00000353770	0	0	0	0	0.844	0	0	0.628	0.939
USP15	H2BC21	9606.ENSP00000280377	9606.ENSP00000358151	0	0	0	0	0.042	0.345	0	0.269	0.501
USP15	PRPF3	9606.ENSP00000280377	9606.ENSP00000315379	0	0	0	0	0.095	0.420	0	0.572	0.755
UTP14A	UTP20	9606.ENSP00000377944	9606.ENSP00000261637	0	0	0	0	0.611	0.959	0.540	0.756	0.998
UTP14A	PNO1	9606.ENSP00000377944	9606.ENSP00000263657	0	0	0	0	0.338	0.982	0	0.703	0.996
UTP14A	NOP58	9606.ENSP00000377944	9606.ENSP00000264279	0	0	0	0	0.569	0.986	0.540	0.563	0.998
UTP14A	PINX1	9606.ENSP00000377944	9606.ENSP00000318966	0	0	0	0	0.435	0	0	0	0.435
UTP14A	UTP4	9606.ENSP00000377944	9606.ENSP00000327179	0	0	0	0	0.699	0.966	0.540	0.676	0.998
UTP14A	SRFBP1	9606.ENSP00000377944	9606.ENSP00000341324	0	0	0	0	0.356	0.301	0	0.212	0.614
UTP14A	DDX21	9606.ENSP00000377944	9606.ENSP00000346120	0	0	0	0	0.371	0.133	0	0.215	0.535
UTP14A	TFB2M	9606.ENSP00000377944	9606.ENSP00000355471	0	0	0	0	0.412	0.301	0	0	0.571
UTP14A	TEX10	9606.ENSP00000377944	9606.ENSP00000364037	0	0	0	0	0.228	0	0.500	0.163	0.648
UTP14A	PAK1IP1	9606.ENSP00000377944	9606.ENSP00000368887	0	0	0	0	0.434	0.100	0	0.160	0.535
UTP14A	RPF2	9606.ENSP00000377944	9606.ENSP00000402338	0	0	0	0	0.710	0.557	0	0.214	0.890
UTP14A	RRP12	9606.ENSP00000377944	9606.ENSP00000446184	0	0	0	0	0.745	0.813	0	0.583	0.978
UTP20	PAK1IP1	9606.ENSP00000261637	9606.ENSP00000368887	0	0	0	0	0.409	0	0	0.069	0.426
UTP20	TFB2M	9606.ENSP00000261637	9606.ENSP00000355471	0	0	0	0	0.337	0.314	0	0	0.525
UTP20	TEX10	9606.ENSP00000261637	9606.ENSP00000364037	0	0	0	0	0.231	0	0.500	0.222	0.674
UTP20	RPF2	9606.ENSP00000261637	9606.ENSP00000402338	0	0	0	0	0.622	0	0	0.248	0.703
UTP20	SRFBP1	9606.ENSP00000261637	9606.ENSP00000341324	0	0	0	0	0.270	0.297	0.540	0.246	0.798
UTP20	RRP12	9606.ENSP00000261637	9606.ENSP00000446184	0	0	0	0	0.835	0.095	0	0.781	0.964
UTP20	PNO1	9606.ENSP00000261637	9606.ENSP00000263657	0	0	0	0	0.156	0.924	0	0.716	0.980
UTP20	UTP14A	9606.ENSP00000261637	9606.ENSP00000377944	0	0	0	0	0.611	0.959	0.540	0.756	0.998
UTP20	NOP58	9606.ENSP00000261637	9606.ENSP00000264279	0	0	0	0	0.623	0.993	0.540	0.600	0.999
UTP20	UTP4	9606.ENSP00000261637	9606.ENSP00000327179	0	0	0	0	0.680	0.991	0.540	0.622	0.999
UTP4	SBDS	9606.ENSP00000327179	9606.ENSP00000246868	0	0	0	0	0.126	0	0	0.415	0.467
UTP4	UTP20	9606.ENSP00000327179	9606.ENSP00000261637	0	0	0	0	0.680	0.991	0.540	0.622	0.999
UTP4	PNO1	9606.ENSP00000327179	9606.ENSP00000263657	0	0	0	0	0.414	0.951	0	0.122	0.972
UTP4	NOP58	9606.ENSP00000327179	9606.ENSP00000264279	0	0	0	0	0.727	0.991	0.540	0.743	0.999
UTP4	DDX21	9606.ENSP00000327179	9606.ENSP00000346120	0	0	0	0	0.369	0.091	0	0.056	0.411
UTP4	TFB2M	9606.ENSP00000327179	9606.ENSP00000355471	0	0	0	0	0.413	0.314	0	0	0.580
UTP4	TEX10	9606.ENSP00000327179	9606.ENSP00000364037	0	0	0	0	0.344	0	0.500	0.202	0.715
UTP4	POLR1C	9606.ENSP00000327179	9606.ENSP00000496044	0	0	0	0	0.716	0	0	0.101	0.734
UTP4	SRFBP1	9606.ENSP00000327179	9606.ENSP00000341324	0	0	0	0	0.365	0.388	0.540	0.131	0.824
UTP4	PAK1IP1	9606.ENSP00000327179	9606.ENSP00000368887	0	0	0	0	0.827	0	0	0	0.827
UTP4	RRP12	9606.ENSP00000327179	9606.ENSP00000446184	0	0	0	0	0.877	0.095	0	0.102	0.891
UTP4	RPF2	9606.ENSP00000327179	9606.ENSP00000402338	0	0	0	0	0.882	0.095	0	0.219	0.909
UTP4	UTP14A	9606.ENSP00000327179	9606.ENSP00000377944	0	0	0	0	0.699	0.966	0.540	0.676	0.998
ZBTB11	SCAF8	9606.ENSP00000326200	9606.ENSP00000413098	0	0	0	0	0.444	0.068	0	0	0.459
ZBTB11	STAG1	9606.ENSP00000326200	9606.ENSP00000372689	0	0	0	0	0.448	0.127	0	0	0.497
ZFY	KDM6A	9606.ENSP00000155093	9606.ENSP00000367203	0	0	0	0	0.087	0.117	0	0.381	0.457
ZMYM5	PSPC1	9606.ENSP00000372361	9606.ENSP00000343966	0	0	0	0	0.149	0	0	0.363	0.434
ZNF134	ZNF416	9606.ENSP00000379464	9606.ENSP00000196489	0	0	0.073	0.922	0.466	0	0	0	0.483
ZNF143	ALKBH1	9606.ENSP00000379847	9606.ENSP00000216489	0	0	0	0	0.534	0	0	0	0.534
ZNF143	THAP1	9606.ENSP00000379847	9606.ENSP00000254250	0	0	0	0	0.532	0	0	0.203	0.611
ZNF143	PCF11	9606.ENSP00000379847	9606.ENSP00000298281	0	0	0	0	0.208	0	0.400	0.047	0.507
ZNF143	POLR1C	9606.ENSP00000379847	9606.ENSP00000496044	0	0	0	0	0.054	0.053	0.500	0.059	0.522
ZNF335	H2BC21	9606.ENSP00000325326	9606.ENSP00000358151	0	0	0	0	0.067	0.099	0	0.417	0.467
ZNF416	ZNF134	9606.ENSP00000196489	9606.ENSP00000379464	0	0	0.073	0.922	0.466	0	0	0	0.483
ZWINT	PCLAF	9606.ENSP00000363055	9606.ENSP00000300035	0	0	0	0	0.785	0	0	0.615	0.913
ZWINT	PLK1	9606.ENSP00000363055	9606.ENSP00000300093	0	0	0	0	0.302	0	0.800	0.544	0.930
ZWINT	TYMS	9606.ENSP00000363055	9606.ENSP00000315644	0	0	0	0	0.765	0	0	0.370	0.845
ZWINT	CDCA2	9606.ENSP00000363055	9606.ENSP00000328228	0	0	0	0	0.449	0	0	0.330	0.615
ZWINT	RRM2	9606.ENSP00000363055	9606.ENSP00000353770	0	0	0	0	0.900	0	0	0.446	0.942
ZWINT	DTL	9606.ENSP00000363055	9606.ENSP00000355958	0	0	0	0	0.785	0	0	0.190	0.819
ZWINT	NUSAP1	9606.ENSP00000363055	9606.ENSP00000499238	0	0	0	0	0.778	0	0	0.580	0.902
